,crop,State,Season,Yield -2005-06,Yield-2006-07,Yield-2007-08,Yield-2008-09,Yield-2009-10,Yield-2010-11,Yield-2011-12,Yield-2012-13,Yield-2013-14,Yield-2014-15,Yield-2015-16,Yield-2016-17,Yield-2017-18,Yield-2018-19,Yield-2019-20,Yield-2020-21*,Max_Temp,Min_Temp,Rainfall,Fertilizer,COI,COR,Soiltype,PhValue,AvgTemp
0,Rice,Andhra Pradesh,Kharif,2525,2631,3177,2990,2742,2570,2980,2882,2552,2594,2934,3194,3346,3353,3353,2815,33.57,22.72,1002.37,112.5,24230,52850,alluvial soil,6,28.145
1,Rice,Andhra Pradesh,Rabi,3659,3682,3651,3700,3543,3777,3543,3806,3496,3943,4440,4440,4749,4645,4576,4442,33.57,22.72,1002.37,112.5,24230,52850,alluvial soil,6,28.145
2,Rice,Arunachal Pradesh,Kharif,1195,1195,1275,1293,1777,1925,2065,2086,2092,2241,1584,1680,1768,1802,1835,1544,24.84,14.24,1656.61,112.5,24230,52850,alluvial soil,6,19.54
3,Rice,Assam,Kharif,999,887,983,1069,966,1137,1217,1296,1753,1431,1288,1311,1363,1385,1371,1544,28.57,18.85,1599.61,112.5,24230,52850,alluvial soil,6,23.71
4,Rice,Assam,Rabi,1520,1302,1359,1616,1796,1910,1757,1968,1921,1975,1288,1311,1363,1385,1371,1544,28.57,18.85,1599.61,112.5,24230,52850,alluvial soil,6,23.71
5,Rice,Bihar,Kharif,940,962,635,1331,947,896,1399,1521,1142,1194,1288,1311,1363,1385,1371,1544,31.67,19.8,1133.081,112.5,24230,52850,clay soil,6,25.735
6,Rice,Bihar,Rabi,1090,1584,1332,1647,1132,1100,2322,2420,1865,2108,1288,1311,1363,1385,1371,1544,31.67,19.8,1133.081,112.5,24230,52850,clay soil,6,25.735
7,Rice,Chattisgarh,Kharif,1337,1354,1446,1176,1120,1663,1597,1746,1766,1660,1517,2101,1311,1810,1848,1889,32.29,20.28,1341.33,112.5,24230,52850,alluvial soil,6,26.285
8,Rice,Goa,Kharif,2866,2406,2277,2335,1900,2358,2521,2599,2828,2919,2830,2791,1363,1385,1371,1544,31.39,22.31,2539.46,112.5,24230,52850,sandy soil,6,26.85
9,Rice,Goa,Rabi,2731,2566,2430,2752,2600,2677,2688,2853,3202,2777,2687,2738,1363,1385,1371,1544,31.39,22.31,2539.46,112.5,24230,52850,sandy soil,6,26.85
10,Rice,Gujarat,Kharif,1949,1799,1895,1698,1866,1956,2024,2095,2038,2297,2148,2238,2179,2248,2144,2305,34.05,20.94,1155.18,112.5,24230,52850,alluvial soil,6,27.495
11,Rice,Gujarat,Rabi,1078,1085,2970,3080,3048,908,3190,4586,3000,3129,3548,3273,2664,3131,2950,3129,34.05,20.94,1155.18,112.5,24230,52850,alluvial soil,6,27.495
12,Rice,Haryana,Kharif,3051,3238,3361,2726,3008,2789,3044,3272,3256,3113,3061,3213,3181,3121,3334,3334,31.88,19.16,1132.3,112.5,24230,52850,alluvial soil,6,25.52
13,Rice,Himachal Pradesh,Kharif,1412,1559,1546,1523,1381,1673,1705,1629,1625,1728,1763,1968,1603,1600,1980,2051,14.26,4.04,1656.61,112.5,24230,52850,alluvial soil,6,9.15
14,Rice,Jammu & Kashmir,Kharif,2150,2194,2133,2186,1914,1942,2078,3126,2250,1871,2123,2019,1876,2350,2093,1544,12.5,2.5,1599.61,112.5,24230,52850,alluvial soil,6,7.5
15,Rice,Jharkhand,Kharif,628,1085,1167,1119.5,1100,1144,2131,2238,2238,1318,1288,1311,1363,1385,1371,1544,31.28,19.38,1133.08,112.5,24230,52850,clay soil,6,25.33
16,Rice,Jharkhand,Rabi,1223,1085,1167,1119.5,1100,1144,1304.5,1350,1308,1318,1288,1311,1363,1385,1371,1544,31.28,19.38,1133.08,112.5,24230,52850,clay soil,6,25.33
17,Rice,Karnataka,Kharif,3657,2402,2545,2412,2345,2705,2717,2545,2545,2573,2704,2487,3030,2989,3030,3030,31.63,20.8,1002.37,112.5,24230,52850,alluvial soil,6,26.215
18,Rice,Karnataka,Rabi,3200,2227,2100,2146,2237,2189,2186,1588,1588,2458,2850,2848,3063,3160,3193,2859,31.63,20.8,1002.37,112.5,24230,52850,alluvial soil,6,26.215
19,Rice,Kerala,Kharif,2162,2264,2169,2428,2486,2415,2519,2548,2625,2890,1288,1311,1363,1385,1371,1544,30.61,22.6,1478.6,112.5,24230,52850,alluvial soil,6,26.605
20,Rice,Kerala,Rabi,2299,2408,2371,2370,2533,2348,2675,2451,2426,2596,1288,1311,1363,1385,1371,1544,30.61,22.6,1478.6,112.5,24230,52850,alluvial soil,6,26.605
21,Rice,Madhya Pradesh,Kharif,999,824,938,927,872,1106,1340,1474,1474,1684,1752,1840,2024,1875,2363,2061,32.64,19.52,1341.33,112.5,24230,52850,alluvial soil,6,26.08
22,Rice,Maharashtra,Kharif,1770,1669,1898,1489,1474,1766,1837,1965,1924,1880,1711,2011,1873,2218,1828,2016,33.48,20.57,1063.7,112.5,24230,52850,alluvial soil,6,27.025
23,Rice,Maharashtra,Rabi,2098,2105,2128,2273,2250,2219,2074,1897,2289,2581,2375,2328,2376,2778,2612,2778,33.48,20.57,1063.7,112.5,24230,52850,alluvial soil,6,27.025
24,Rice,Manipur,Kharif,2322,2322,2446,2357,1889,2453,2642,2546,2201,2678,2670,3837,3561,2306,3775,1544,25.72,15.68,1656.6,112.5,24230,52850,alluvial soil,6,20.7
25,Rice,Meghalaya,Kharif,1432,1695,1602,1651,1673,1671,1752,1807,2241,2436,2460,1649,2474,1644,2469,1544,26.82,17.99,1599.6,112.5,24230,52850,alluvial soil,6,22.405
26,Rice,Meghalaya,Rabi,2214,4000,4147,3641,3679,3705,3762,4510,4326,4603,4608,3090,4636,3085,4629,1544,26.82,17.99,1599.6,112.5,24230,52850,alluvial soil,6,22.405
27,Rice,Mizoram,Kharif,1770,510,285,882,938,1160,1392,2091,1521,1634,1659,1663,1645,1683,1700,1544,27.46,18.15,2539.4,112.5,24230,52850,alluvial soil,6,22.805
28,Rice,Mizoram,Rabi,2600,1682,1000,2000,1500,1144,3000,1933,1600,2313,2550,2213,2049,2087,2051,1544,27.46,18.15,2539.4,112.5,24230,52850,alluvial soil,6,22.805
29,Rice,Nagaland,Kharif,1682,1600,1685,1994,1426,2102,2106,2204,2260,2319,1581,1624,1643,1657,1669,1544,25.26,15.26,1656.6,112.5,24230,52850,alluvial soil,6,20.26
30,Rice,Odisha,Kharif,872,1011,1097,1040,900,831,778,948,762,820,1288,1311,1363,1385,1371,1544,32.61,20.86,1002.3,112.5,24230,52850,alluvial soil,6,26.735
31,Rice,Odisha,Rabi,1623,1580,1750,1541,1635,1658,1433,1849,1857,2076,1288,1311,1363,1385,1371,1544,32.61,20.86,1002.3,112.5,24230,52850,alluvial soil,6,26.735
32,Rice,Punjab,Kharif,3858,3868,4019,4022,4010,3828,3741,3998,3952,3838,3974,3998,4366,4132,4034,4366,31.14,18.04,992.5,112.5,24230,52850,alluvial soil,6,24.59
33,Rice,Rajasthan,Kharif,1425,1577,2031,1807,1515,2025,1886,1771,2147,2186,2022,2289,2365,2291,2189,2739,33.52,19.39,1062.3,112.5,24230,52850,alluvial soil,6,26.455
34,Rice,Sikkim,Kharif,1433,1433,1636,1476,1869,1727,1730,1790,1815,1818,1230,1847,1856,1856,1858,1544,12.16,0.35,2500,112.5,24230,52850,alluvial soil,6,6.255
35,Rice,Tamil Nadu,Kharif,3655,4914,4044,3850,4406,4362,5623,3893,4448,4578,1288,1311,1363,1385,1371,1544,32.39,23.32,1386.4,112.5,24230,52850,alluvial soil,6,27.855
36,Rice,Tamil Nadu,Rabi,2338,3144,2587,2464,2820,2792,3599,2492,2848,2931,1288,1311,1363,1385,1371,1544,32.39,23.32,1386.4,112.5,24230,52850,alluvial soil,6,27.855
37,Rice,Telangana,Kharif,1078,1085,1167,1119.5,1100,1144,1304.5,1350,1308,2990,2933,2992,2814,3477,3669,3022,33.76,16.78,1092.6,112.5,24230,52850,alluvial soil,6,25.27
38,Rice,Telangana,Rabi,1078,1085,1167,1119.5,1100,1144,1304.5,1350,1308,3414,2862,3169,3624,3413,3723,3723,33.76,16.78,1092.6,112.5,24230,52850,alluvial soil,6,25.27
39,Rice,Uttar Pradesh,Kharif,1078,1996,1878,2062,2171,2083,2120,2357,2459,2446,2070,2130,2293,2280,2703,2703,32.56,19.59,1092.6,112.5,24230,52850,alluvial soil,6,26.075
40,Rice,Uttar Pradesh,Rabi,1078,2179,2278,2526,2091,2270,2316,2458,2583,2593,2500,2720,2846,2975,2994,3114,32.56,19.59,1092.6,112.5,24230,52850,alluvial soil,6,26.075
41,Rice,Uttarakhand,kharif,1925,1952,1993,1907,2025,1820,2056,2152,2233,2260,2341,2329,2531,2350,2599,2599,19.24,9.03,1271.4,112.5,24230,52850,alluvial soil,6,14.135
42,Rice,Uttarakhand,Rabi,2889,2875,3308,3067,2813,3309,3357,3208,3327,3148,3845,3800,3214,3289,3565,3565,19.24,9.03,1271.4,112.5,24230,52850,alluvial soil,6,14.135
43,Rice,West Bengal,Kharif,2102,2026,2009,2069,2181,2138,2213,2297,2612,2278,1288,1311,1363,1385,1371,1544,31.27,20.8,1260.5,112.5,24230,52850,alluvial soil,6,26.035
44,Rice,West Bengal,Rabi,2397,2411,2350,2465,2408,2507,2565,2596,1308,2536,1288,1311,1363,1385,1371,1544,31.27,20.8,1260.5,112.5,24230,52850,alluvial soil,6,26.035
45,Rice,A & N Islands,Kharif,2896,2896,3000,2797,3059,2851,2960,2739,2029,2040,2203,2583,3154,2122,3154,3154,33,25,3108,112.5,24230,52850,alluvial soil,6,29
46,Rice,D & N Haveli,Kharif,1743,1743,1743,1721,1076,1930,1739,1928,1876,1867,2333,2200,2200,2106,2067,2067,33.23,20.89,3050,112.5,24230,52850,alluvial soil,6,27.06
47,Rice,Delhi,Kharif,3200,4203,4243,4243,2834,2787,2885,2936,4906,4288,2862,2890,2876,2877,2877,2877,31.81,19.61,1500,112.5,24230,52850,alluvial soil,6,25.71
48,Rice,Daman & Diu,Kharif,2056,2056,1750,2111,1650,1650,1650,1712,1805,2270,1139,1139,1222,1273,2133,2133,31.99,21.82,3055,112.5,24230,52850,alluvial soil,6,26.905
49,Wheat,Andhra Pradesh,Rabi,818,900,889,1143,1000,1300,1375,1250,500,1318,1288,1311,716,1385,1371,1544,33.57,22.72,1002.37,205,27210,59268,clay soil,6.5,28.145
50,Wheat,Arunachal Pradesh ,Rabi,1525,1575,1472,1576,1505,1595,1757,1498,1510,1974,1969,1969,1970,1970,1970,1544,24.84,14.24,1656.61,205,27210,59268,alluvial soil,6.5,19.54
51,Wheat,Assam,Rabi,1074,1117,1268,1090,1087,1179,1147,1304,1292,1216,1634,1344,1386,1398,1273,1363,28.57,18.85,1599.61,205,27210,59268,clay soil,6.5,23.71
52,Wheat,Bihar,Kharif,1617,1908,2058,2043,2084,1948,2206,2427,2358,1851,2244,2427,2905,2998,2595,2855,31.67,19.8,1133.081,205,27210,59268,clay soil,6.5,25.735
53,Wheat,Chattisgarh,Kharif,886,1002,1059,1040,1086,1144,1227,1396,1304,1388,1270,1391,1289,1548,1050,1551,32.29,20.28,1341.33,205,27210,59268,sandy soil,6.5,26.285
54,Wheat,Gujarat,Rabi,2700,2498,3013,2377,2679,3155,3014,2875,3255,2751,2919,2751,2898,3020,3268,3204,34.05,20.94,1155.18,205,27210,59268,alluvial soil,6.5,27.495
55,Wheat,Haryana,Rabi,3844,4232,4158,4390,4213,4624,5030,4452,4722,3981,4407,4514,4412,4925,4687,4836,31.88,19.16,1132.3,205,27210,59268,alluvial soil,6.5,25.52
56,Wheat,Himachal Pradesh,Rabi,1894,1385,1376,1520,928,1530,1671,1671,1873,1957,1958,2033,1774,1770,1970,1970,14.26,4.04,1656.61,205,27210,59268,clay soil,6.5,9.15
57,Wheat,Jammu & Kashmir,Rabi,1790,1893,1782,1735,1003,1535,1689,1595,2061,979,1947,1638,1628,2330,2002,1544,12.5,2.5,1599.61,205,27210,59268,alluvial soil,6.5,7.5
58,Wheat,Jharkhand,Rabi,1340,1529,1621,1541,1738,1642,1908,1944,2123,1931,1835,2011,2121,1847,2046,2247,31.28,19.38,1133.08,205,27210,59268,sandy soil,6.5,25.33
59,Wheat,Karnataka,Rabi,858,762,946,918,887,1094,858,796,1005,1318,897,1018,1193,1090,1198,1393,31.63,20.8,1002.37,205,27210,59268,alluvial soil,6.5,26.215
60,Wheat,Madhya Pradesh,Rabi,1613,1835,1612,1723,1967,1757,2360,2478,2405,2850,2993,2976,2993,2993,2993,2758,32.64,19.52,1341.33,205,27210,59268,black soil,6.5,26.08
61,Wheat,Maharashtra,Rabi,1393,1325,1659,1483,1610,1761,1558,1528,1460,1226,1077,1474,1657,1497,1697,1782,33.48,20.57,1063.7,205,27210,59268,alluvial soil,6.5,27.025
62,Wheat,Meghalaya,Kharif,1714,2000,1833,1750,1773,1791,1564,1806,1881,1909,1953,1913,1928,1931,1935,1544,26.82,17.99,1599.6,205,27210,59268,clay soil,6.5,22.405
63,Wheat,Nagaland,Rabi,1583,867,1067,1500,1200,1712,1711,1801,1823,1824,1831,1840,1836,1830,1831,1544,25.26,15.26,1656.6,205,27210,59268,alluvial soil,6.5,20.26
64,Wheat,Odisha,Rabi,1364,1487,1554,1396,1450,1458,1644,1894,1574,1650,1324,1333,2163,1815,1390,1604,32.61,20.86,1002.3,205,27210,59268,alluvial soil,6.5,26.735
65,Wheat,Punjab,Rabi,4179,4210,4507,4462,4307,4693,4898,4724,5017,4294,4583,4704,5077,5188,5003,4862,31.14,18.04,992.5,205,27210,59268,alluvial soil,6.5,24.59
66,Wheat,Rajasthan,Rabi,2762,2751,2749,3175,3133,2910,3175,3028,3083,2961,3175,3175,3334,3501,3501,3676,33.52,19.39,1062.3,205,27210,59268,clay soil,6.5,26.455
67,Wheat,Sikkim,Rabi,1385,1385,1000,1345,1135,1023,1060,1058,1083,1077,1094,1078,1079,1079,1082,1544,12.16,0.35,2500,205,27210,59268,clay soil,6.5,6.255
68,Wheat,Telangana,Kharif,1078,1085,1167,1119.5,1100,1144,1304.5,1350,1308,1167,1696,1400,1388,1877,1842,2167,33.76,16.78,1092.6,205,27210,59268,clay soil,6.5,25.27
69,Wheat,Tripura,Kharif,2636,1800,1900,2000,1984,2025,2000,2000,2000,2143,2236,2300,2031,2115,2230,1544,30.09,20.32,1362,205,27210,59268,alluvial soil,6.5,25.205
70,Wheat,Uttar Pradesh,Kharif,2627,2721,2817,3002,2846,3113,3113,3113,3038,2277,2636,3113,3269,3432,3432,3604,32.56,19.59,1092.6,205,27210,59268,clay soil,6.5,26.075
71,Wheat,Uttarakhand,Kharif,1633,2049,2050,2003,2139,2316,2379,2396,2422,1881,2258,2587,2749,2910,2861,3065,19.24,9.03,1271.4,205,27210,59268,alluvial soil,6.5,14.135
72,Wheat,West Bengal,Kharif,2109,2282,2602,2490,2680,2760,2765,2786,2791,2807,2825,2682,2667,3012,2708,3001,31.27,20.8,1260.5,205,27210,59268,clay soil,6.5,26.035
73,Wheat,D & N Haveli,Rabi,1833,1833,1833,1833,1500,2231,1929,2000,2000,2071,2500,2300,2300,2139,2400,1544,33.23,20.89,3050,205,27210,59268,alluvial soil,6.5,27.06
74,Wheat,Delhi,Rabi,4339,4341,4354,4351,4352,4340,4349,4406,4418,4419,4419,4434,4311,4312,4316,1544,31.81,19.61,1500,205,27210,59268,clay soil,6.5,25.71
75,Bajra,Andhra Pradesh,Rabi,1012,770,1243,1017,1178,1507,1349,1657,1597,1357,1806,1714,1927,1031,2328,2303,33.57,22.72,1002.37,14.5,27179,10000,sandysoil or black soil,5.9,28.145
76,Bajra,Bihar,Rabi,1070,1073,1111,1200,1108,1102,1113,1142,1136,1134,1133,1135,1134,1134,1134,1134,31.67,19.8,1133.081,14.5,27179,10000,alluvial soil,5.9,25.735
77,Bajra,Gujarat,Rabi,1169,1088,1419,1365,1232,1250,1419,1743,1743,1677,2004,2160,2430,2280,2098,2192,34.05,20.94,1155.18,14.5,27179,10000,sandysoil or black soil,5.9,27.495
78,Bajra,Haryana,Rabi,1147,1649,1843,1769,1593,1793,2040,1910,2057,1749,1762,2017,1602,2068,2068,2372,31.88,19.16,1132.3,14.5,27179,10000,sandysoil or black soil,5.9,25.52
79,Bajra,Himachal Pradesh,Rabi,333,500,500,500,1083,500,542,555,545,537,560,501,734,730,1020,1430,14.26,4.04,1656.61,14.5,27179,10000,sandysoil or black soil,5.9,9.15
80,Bajra,Jammu & Kashmir,Kharif,600,591,595,592,629,598,591,598,595,594,590,592,590,558,595,1544,12.5,2.5,1599.61,14.5,27179,10000,alluvial soil,5.9,7.5
81,Bajra,Jharkhand,Kharif,500,500,0,1000,574,704,520,474,515,500,528,667,576,578,711,643,31.28,19.38,1133.08,14.5,27179,10000,sandysoil or black soil,5.9,25.33
82,Bajra,Karnataka,Kharif,977,483,824,703,502,1081,972,1036,1182,1060,875,1054,1241,957,1140,1303,31.63,20.8,1002.37,14.5,27179,10000,sandysoil or black soil,5.9,26.215
83,Bajra,Madhya Pradesh,Kharif,1491,1365,1402,1373,1495,1898,1924,1568,2003,1978,2315,2431,2435,1921,2219,2256,32.64,19.52,1341.33,14.5,27179,10000,sandysoil or black soil,5.9,26.08
84,Bajra,Maharashtra,Kharif,720,729,878,765,741,1085,982,637,1034,622,416,955,849,545,761,1003,33.48,20.57,1063.7,14.5,27179,10000,sandysoil or black soil,5.9,27.025
85,Bajra,Nagaland,Kharif,1000,1085,1167,1119.5,1100,857,862,1015,1014,1014,1014,1014,1014,1014,1014,1544,25.26,15.26,1656.6,14.5,27179,10000,sandysoil or black soil,5.9,20.26
86,Bajra,Odisha,Kharif,552,583,593,600,604,636,615,610,611,613,611,614,619,622,620,614,32.61,20.86,1002.3,14.5,27179,10000,alluvial soil,5.9,26.735
87,Bajra,Punjab,Rabi,1000,1000,1000,1000,1333,1000,1000,1000,1000,1318,1288,583,598,651,635,1000,31.14,18.04,992.5,14.5,27179,10000,sandysoil or black soil,5.9,24.59
88,Bajra,Rajasthan,Kharif,556,701,832,828,394,832,915,972,818,1093,872,1001,886,911,1093,1049,33.52,19.39,1062.3,14.5,27179,10000,sandysoil or black soil,5.9,26.455
89,Bajra,Tamil Nadu,Kharif,1158,1511,1435,1483,1512,1564,2452,1326,2158,3077,2747,2059,2277,2517,2743,2974,32.39,23.32,1386.4,14.5,27179,10000,sandysoil or black soil,5.9,27.855
90,Bajra,Telangana,Rabi,1078,1085,1167,1119.5,1100,1144,1304.5,1350,1308,1000,833,882,1057,497,1158,929,33.76,16.78,1092.6,14.5,27179,10000,sandysoil or black soil,5.9,25.27
91,Bajra,Uttar Pradesh,Rabi,1434,1455,1520,1609,1638,1665,1839,1951,2033,1899,1821,1914,1940,2029,2115,2221,32.56,19.59,1092.6,14.5,27179,10000,sandysoil or black soil,5.9,26.075
92,Bajra,West Bengal,Rabi,1078,1085,1167,0,434,375,367,429,286,313,306,293,300,402,401,425,31.27,20.8,1260.5,14.5,27179,10000,alluvial soil,5.9,26.035
93,Bajra,Puducherry,Kharif,2500,2500,1000,1000,1850,2324,2667,1350,1308,1318,2429,1311,2786,2545,2591,1544,32.61,24.76,1206.6,14.5,27179,10000,sandysoil or black soil,5.9,28.685
94,Bajra,Delhi,Rabi,1824,1813,1875,1933,1917,1852,1868,1875,2513,2132,2511,2190,2197,2198,2197,1544,31.81,19.61,1500,14.5,27179,10000,sandysoil or black soil,5.9,25.71
95,Bajra,Daman & Diu,Rabi,1078,1085,1167,2000,1667,1333,1304.5,1361,1393,3922,1369,1101,1333,1306,1150,1544,31.99,21.82,3055,14.5,27179,10000,sandysoil or black soil,5.9,26.905
96,Maize,Andhra Pradesh,Kharif,3538,2402,4125,3147,1986,3730,2812,4145,3487,3290,3680,4176,4678,4134,4717,3807,33.57,22.72,1002.37,90,15200,16500,red soil,6.65,28.145
97,Maize,Andhra Pradesh,Rabi,5994,6195,5543,7302,6281,7615,6502,6174,6558,7926,7184,7867,7956,6992,7630,8025,33.57,22.72,1002.37,90,15200,16500,sandy soil,6.65,28.145
98,Maize,Arunachal Pradesh,Kharif,1373,1363,1338,1365,1363,1397,1434,1423,1423,1533,1532,1472,1486,1530,1514,1544,24.84,14.24,1656.61,90,15200,16500,clay soil,6.65,19.54
99,Maize,Arunachal Pradesh,Rabi,1474,1452,1410,1400,1485,1690,1736,1496,1681,1684,1580,1620,1665,1385,1700,1544,24.84,14.24,1656.61,90,15200,16500,clay soil,6.65,19.54
100,Maize,Assam,Kharif,721,778,722,724,726,722,719,897,898,3333,3070,2911,3132,3254,3495,3304,28.57,18.85,1599.61,90,15200,16500,clay soil,6.65,23.71
101,Maize,Bihar,Kharif,1518,1532,956,1518,1773,1806,2358,2476,2103,2476,2559,2586,2400,2078,2078,1889,31.67,19.8,1133.081,90,15200,16500,sandy soil,6.65,25.735
102,Maize,Bihar,Rabi,2641,3597,2766,3394,2660,2467,2404,4309,3358,3854,4201,4309,4005,4524,3380,4081,31.67,19.8,1133.081,90,15200,16500,sandy soil,6.65,25.735
103,Maize,Chattisgarh,Kharif,1076,1225,1567,1402,1399,1807,1654,1936,2062,1886,1693,2691,2380,2503,2691,2996,32.29,20.28,1341.33,90,15200,16500,red soil,6.65,26.285
104,Maize,Goa,Kharif,5000,5000,5000,6000,6000,1144,1304.5,1350,1308,1318,1288,1311,1363,1385,1371,1544,31.39,22.31,2539.46,90,15200,16500,sandy soil,6.65,26.85
105,Maize,Gujarat,Kharif,1124,698,1375,1439,964,1636,1393,1676,1267,1558,1326,1683,1551,1770,1497,1443,34.05,20.94,1155.18,90,15200,16500,alluvial soil,6.65,27.495
106,Maize,Gujarat,Rabi,1078,1085,1167,1700,1593,1645,1915,1953,2023,2000,1989,2023,2000,2563,2509,2265,34.05,20.94,1155.18,90,15200,16500,alluvial soil,6.65,27.495
107,Maize,Haryana,Kharif,2125,2286,2643,2159,2250,1900,2667,2556,3000,2250,2833,3400,3167,2644,2833,3026,31.88,19.16,1132.3,90,15200,16500,clay soil,6.65,25.52
108,Maize,Himachal Pradesh,Kharif,1839,2326,2873,2273,1839,2263,2432,2233,2228,1979,2507,2672,2532,2530,2540,2724,14.26,4.04,1656.61,90,15200,16500,alluvial soil,6.65,9.15
109,Maize,Jammu & Kashmir,Kharif,1413,1505,1569,2005,1566,1712,1608,1648,1776,1204,1782,1833,1805,2189,2015,1544,12.5,2.5,1599.61,90,15200,16500,alluvial soil,6.65,7.5
110,Maize,Jharkhand,Kharif,1309,1203,1500,1346,1100,1181,1473,1790,2017,1768,1324,1927,2025,1740,1986,2181,31.28,19.38,1133.08,90,15200,16500,alluvial soil,6.65,25.33
111,Maize,Jharkhand,Rabi,1622,1806,1722,2123,1858,2061,1970,2689,1807,1530,1794,1796,2031,1905,2099,2305,31.28,19.38,1133.08,90,15200,16500,alluvial soil,6.65,25.33
112,Maize,Karnataka,Kharif,2919,2839,2893,2821,2415,3515,3022,2563,2872,3131,2734,2367,2869,2755,2906,3051,31.63,20.8,1002.37,90,15200,16500,alluvial soil,6.65,26.215
113,Maize,Karnataka,Rabi,3000,2658,3231,2861,2500,2845,3084,3106,3099,3354,2535,3037,3710,3377,3781,3528,31.63,20.8,1002.37,90,15200,16500,red soil,6.65,26.215
114,Maize,Madhya Pradesh,Kharif,1450,976,1288,1361,1256,1266,1492,1790,1767,1880,2350,2585,2585,3256,2882,2428,32.64,19.52,1341.33,90,15200,16500,alluvial soil,6.65,26.08
115,Maize,Maharashtra,Kharif,2134,1996,2706,2405,2275,3022,2890,2296,2856,1868,1681,3246,3116,1928,1363,3246,33.48,20.57,1063.7,90,15200,16500,clay soil,6.65,27.025
116,Maize,Maharashtra,Rabi,1976,1924,2426,2257,2455,2456,2110,1820,2346,2558,1799,2558,2400,1833,2559,2457,33.48,20.57,1063.7,90,15200,16500,clay soil,6.65,27.025
117,Maize,Manipur,Kharif,2724,2724,2800,2674,2436,1856,1768,2301,2246,2243,2304,2194,2343,2205,2228,1544,25.72,15.68,1656.6,90,15200,16500,alluvial soil,6.65,20.7
118,Maize,Meghalaya,Kharif,1426,1471,1468,1503,1529,1499,1529,1554,2200,2259,2284,2291,2293,2294,2298,1544,26.82,17.99,1599.6,90,15200,16500,alluvial soil,6.65,22.405
119,Maize,Mizoram,Kharif,1917,1942,69,967,1337,1502,1214,1305,1424,1521,1756,1540,1605,1797,1758,1544,27.46,18.15,2539.4,90,15200,16500,alluvial soil,6.65,22.805
120,Maize,Mizoram,Rabi,2222,2668,1000,1000,1667,1667,1238,1611,1294,1286,208,1570,1355,1558,1359,1544,27.46,18.15,2539.4,90,15200,16500,alluvial soil,6.65,22.805
121,Maize,Nagaland,Kharif,1800,1674,1788,1800,1075,1958,1960,1961,1969,1975,1979,1980,1982,1982,1984,1544,25.26,15.26,1656.6,90,15200,16500,clay soil,6.65,20.26
122,Maize,Odisha,Kharif,1587,1655,1976,1986,2155,2540,2046,2393,2766,2039,1967,2824,2503,2307,2877,2918,32.61,20.86,1002.3,90,15200,16500,red soil,6.65,26.735
123,Maize,Odisha,Rabi,2188,2368,2241,2609,2247,2778,2496,2793,2905,2608,2618,2911,2721,2610,3333,3224,32.61,20.86,1002.3,90,15200,16500,sandy soil,6.65,26.735
124,Maize,Punjab,Kharif,2723,3123,3405,3404,3417,3692,3984,3682,3900,3651,3687,3836,3708,3625,3581,3665,31.14,18.04,992.5,90,15200,16500,sandy soil,6.65,24.59
125,Maize,Rajasthan,Kharif,1098,1085,1860,1737,1044,1796,1583,1763,1597,1740,1318,1501,2033,2240,1297,2240,33.52,19.39,1062.3,90,15200,16500,sandy soil,6.65,26.455
126,Maize,Rajasthan,Rabi,1429,1429,1667,1429,1429,1144,3434,3844,3729,1318,3705,1311,3909,1385,4513,4383,33.52,19.39,1062.3,90,15200,16500,sandy soil,6.65,26.455
127,Maize,Sikkim,Kharif,1491,1491,1601,1544,1671,1648,1657,1700,1724,1727,1754,1763,1767,1768,1769,1544,12.16,0.35,2500,90,15200,16500,sandy soil,6.65,6.255
128,Maize,Tamil Nadu,Kharif,1170,3224,2952,3668,4301,3858,5682,3554,5682,5682,7103,4554,9219,7598,8115,7563,32.39,23.32,1386.4,90,15200,16500,sandy soil,6.65,27.855
129,Maize,Tamil Nadu,Rabi,1215,5047,5091,5763,5431,5452,6649,2819,5002,7500,6888,1255,6692,6998,6717,5877,32.39,23.32,1386.4,90,15200,16500,sandy soil,6.65,27.855
130,Maize,Telangana,Kharif,1078,1085,1167,1119.5,1100,1144,1304.5,1350,1308,2699,2557,2761,3450,3105,4845,4646,33.76,16.78,1092.6,90,15200,16500,sandy soil,6.65,25.27
131,Maize,Telangana,Rabi,1078,1085,1167,1119.5,1100,1144,1304.5,1350,1308,5288,4958,5465,5738,6502,6502,7747,33.76,16.78,1092.6,90,15200,16500,sandy soil,6.65,25.27
132,Maize,Tripura,Kharif,1000,960,1000,952,1006,1322,1353,1295,1277,1292,1385,1362,1408,1289,1422,1544,30.09,20.32,1362,90,15200,16500,alluvial soil,6.65,25.205
133,Maize,Uttar Pradesh,Kharif,1284,1326,1437,1495,1456,1468,1654,1654,1654,1778,1850,1876,2192,2067,2302,2309,32.56,19.59,1092.6,90,15200,16500,alluvial soil,6.65,26.075
134,Maize,Uttar Pradesh,Rabi,3341,1567,1615,1621,2800,2667,1810,2105,2183,1838,1889,2038,2383,2254,2547,2569,32.56,19.59,1092.6,90,15200,16500,alluvial soil,6.65,26.075
135,Maize,Uttarakhand,Kharif,1333,1333,1483,1303,1357,1503,1464,1437,1419,2070,1696,1682,1970,1866,1921,2074,19.24,9.03,1271.4,90,15200,16500,alluvial soil,6.65,14.135
136,Maize,West Bengal,Kharif,2076,2166,2095,2658,2183,2588,2270,2384,2687,2688,2739,2692,2697,3396,3404,3132,31.27,20.8,1260.5,90,15200,16500,alluvial soil,6.65,26.035
137,Maize,West Bengal,Rabi,3913,4265,4690,5106,5619,4904,4497,4923,4765,5056,5463,5043,5463,7362,7291,7296,31.27,20.8,1260.5,90,15200,16500,alluvial soil,6.65,26.035
138,Maize,A & N Islands,Kharif,1000,2000,4500,3000,2000,2476,2125,2000,2254,3529,2933,2087,862,1510,1371,1544,33,25,3108,90,15200,16500,sandy soil,6.65,29
139,Pulses,Andhra Pradesh,Kharif,772,679,803,818,740,675,637,833,928,911,848,659,865,558,932,873,33.57,22.72,1002.37,25,35000,3600,sandy soil,6.7,28.145
140,Pulses,Arunachal Pradesh,Rabi,1078,1078,1078,1059,1000,879,920,1122,1155,1263,1015,1011,1020,901,1060,1544,24.84,14.24,1656.61,25,35000,3600,alluvial soil,6.7,19.54
141,Pulses,Assam,Kharif,537,557,558,567,560,555,573,598,695,748,757,735,748,756,737,739,28.57,18.85,1599.61,25,35000,3600,alluvial soil,6.7,23.71
142,Pulses,Bihar,Rabi,749,722,818,801,836,878,975,1052,1044,859,845,936,954,946,731,856,31.67,19.8,1133.081,25,35000,3600,clay soil,6.7,25.735
143,Pulses,Chattisgarh,Kharif,477,543,586,580,604,624,613,700,573,818,609,858,697,721,318,693,32.29,20.28,1341.33,25,35000,3600,clay soil,6.7,26.285
144,Pulses,Goa,Rabi,1045,1358,991,1030,1082,1057,836,902,1102,944,754,1004,870,1018,877,1544,31.39,22.31,2539.46,25,35000,3600,sandy soil,6.7,26.85
145,Pulses,Gujarat,Rabi,704,593,843,777,705,812,815,867,897,972,931,868,1016,1029,1172,1275,34.05,20.94,1155.18,25,35000,3600,clay soil,6.7,27.495
146,Pulses,Haryana,Kharif,622,824,602,972,758,899,706,800,820,674,680,897,961,1141,924,833,31.88,19.16,1132.3,25,35000,3600,clay soil,6.7,25.52
147,Pulses,Himachal Pradesh,Rabi,713,1085,1062,758,681,1213,954,1413,1763,1232,1504,2019,2019,1938,1944,1625,14.26,4.04,1656.61,25,35000,3600,clay soil,6.7,9.15
148,Pulses,Jammu & Kashmir,Kharif,504,505,508,464,456,584,508,530,535,381,631,547,553,535,2559,1544,12.5,2.5,1599.61,25,35000,3600,alluvial soil,6.7,7.5
149,Pulses,Jharkhand,Kharif,567,686,736,724,709,773,885,1038,1021,1004,886,1002,1055,990,1030,1084,31.28,19.38,1133.08,25,35000,3600,alluvial soil,6.7,25.33
150,Pulses,Karnataka,Kharif,487,377,531,466,451,561,492,555,641,601,403,586,645,528,693,680,31.63,20.8,1002.37,25,35000,3600,sandy soil,6.7,26.215
151,Pulses,Kerala,Kharif,775,857,857,818,991,778,747,1029,1108,1131,1133,984,1027,927,966,959,30.61,22.6,1478.6,25,35000,3600,alluvial soil,6.7,26.605
152,Pulses,Madhya Pradesh,Rabi,754,780,609,808,871,656,803,972,861,876,903,944,1084,916,864,1084,32.64,19.52,1341.33,25,35000,3600,clay soil,6.7,26.08
153,Pulses,Maharashtra,Kharif,584,602,746,537,702,768,693,704,802,602,436,865,795,670,891,962,33.48,20.57,1063.7,25,35000,3600,black soil,6.7,27.025
154,Pulses,Manipur,Rabi,523,523,497,504,497,897,942,936,937,959,963,973,965,950,918,1544,25.72,15.68,1656.6,25,35000,3600,clay soil,6.7,20.7
155,Pulses,Meghalaya,Rabi,750,744,825,867,881,881,896,1019,1126,1405,1442,1446,1439,1396,1444,1544,26.82,17.99,1599.6,25,35000,3600,sandy soil,6.7,22.405
156,Pulses,Mizoram,Kharif,1215,1160,529,900,1667,1534,1389,1061,1468,1416,1361,1352,1544,1573,1353,1544,27.46,18.15,2539.4,25,35000,3600,sandy soil,6.7,22.805
157,Pulses,Nagaland,Kharif,1281,1200,1189,1203,906,1085,1091,1096,1124,1146,1150,1151,1159,1230,1161,1544,25.26,15.26,1656.6,25,35000,3600,clay soil,6.7,20.26
158,Pulses,Odisha,Rabi,416,445,446,481,461,486,471,513,537,532,505,548,556,574,579,535,32.61,20.86,1002.3,25,35000,3600,sandy soil,6.7,26.735
159,Pulses,Punjab,Kharif,804,850,804,908,896,910,789,823,872,846,965,887,876,938,871,998,31.14,18.04,992.5,25,35000,3600,alluvial soil,6.7,24.59
160,Pulses,Rajasthan,Rabi,261,462,401,497,204,685,546,603,593,580,515,604,639,636,709,701,33.52,19.39,1062.3,25,35000,3600,clay soil,6.7,26.455
161,Pulses,Sikkim,Kharif,897,897,928,937,977,899,903,915,925,925,954,961,954,961,962,1544,12.16,0.35,2500,25,35000,3600,clay soil,6.7,6.255
162,Pulses,Tamil Nadu,Kharif,337,541,303,307,382,386,552,413,752,852,631,544,675,648,735,615,32.39,23.32,1386.4,25,35000,3600,clay soil,6.7,27.855
163,Pulses,Telangana,Kharif,1078,1085,1167,1119.5,1100,1144,1304.5,1350,1308,644,508,771,899,861,1062,960,33.76,16.78,1092.6,25,35000,3600,clay soil,6.7,25.27
164,Pulses,Tripura,Kharif,629,654,691,718,713,706,697,705,719,718,673,952,710,732,760,1544,30.09,20.32,1362,25,35000,3600,sandy soil,6.7,25.205
165,Pulses,Uttar Pradesh,Rabi,811,725,731,899,748,832,993,985,736,612,619,871,973,1051,1033,1079,32.56,19.59,1092.6,25,35000,3600,sandy soil,6.7,26.075
166,Pulses,Uttarakhand,Kharif,590,642,794,609,719,851,891,841,869,821,821,869,874,922,963,995,19.24,9.03,1271.4,25,35000,3600,clay soil,6.7,14.135
167,Pulses,West Bengal,Kharif,785,703,793,704,826,898,706,952,843,941,967,968,969,796,801,901,31.27,20.8,1260.5,25,35000,3600,sandy soil,6.7,26.035
168,Pulses,A & N Islands,Kharif,500,571,591,571,600,442,541,499,486,541,649,304,322,274,578,1544,33,25,3108,25,35000,3600,clay soil,6.7,29
169,Pulses,D & N Haveli,Kharif,862,862,862,859,828,898,939,901,898,897,1174,2035,1000,1113,986,1544,33.23,20.89,3050,25,35000,3600,alluvial soil,6.7,27.06
170,Pulses,Delhi,Rabi,1000,1750,1750,2333,2000,1611,1939,2097,1500,1318,3270,2120,2000,2000,2000,1544,31.81,19.61,1500,25,35000,3600,sandy soil,6.7,25.71
171,Pulses,Daman & Diu,Rabi,846,846,846,846,846,846,1304.5,1350,1308,1318,1288,1311,1363,1385,1029,1544,31.99,21.82,3055,25,35000,3600,alluvial soil,6.7,26.905
172,Pulses,Puducherry,Kharif,324,324,83,200,155,499,417,512,425,630,241,377,955,536,436,1544,32.61,24.76,1206.6,25,35000,3600,sandy soil,6.7,28.685
173,Gram,Andhra Pradesh,Rabi,1591,1085,1448,1412,1308,1233,920,1119,1439,1143,1062,960,1132,508,1218,1135,33.57,22.72,1002.37,120,20000,13500,clay soil,6.9,28.145
174,Gram,Assam,Kharif,500,500,500,529,517,500,509,557,698,938,704,651,687,699,698,695,28.57,18.85,1599.61,120,20000,13500,alluvial soil,6.9,23.71
175,Gram,Bihar,Kharif,902,818,972,925,1014,1187,1295,1402,1147,958,986,1120,1154,1199,730,1015,31.67,19.8,1133.081,120,20000,13500,alluvial soil,6.9,25.735
176,Gram,Chattisgarh,Kharif,706,843,874,831,880,959,995,1069,771,1035,722,1171,1010,1026,231,887,32.29,20.28,1341.33,120,20000,13500,alluvial soil,6.9,26.285
177,Gram,Gujarat,Rabi,850,870,977,1011,947,1136,1138,978,1251,1236,1330,1116,1285,1358,1568,1568,34.05,20.94,1155.18,120,20000,13500,alluvial soil,6.9,27.495
178,Gram,Haryana,Rabi,554,843,505,1041,738,982,911,1128,904,646,619,1189,1125,1385,1072,1005,31.88,19.16,1132.3,120,20000,13500,alluvial soil,6.9,25.52
179,Gram,Himachal Pradesh,Rabi,538,769,933,429,523,1000,971,1021,1000,927,1047,923,1042,1040,1070,1015,14.26,4.04,1656.61,120,20000,13500,alluvial soil,6.9,9.15
180,Gram,Jammu & Kashmir,Kharif,500,1085,1167,667,500,545,583,542,1308,1318,1288,1311,217,1385,300,1544,12.5,2.5,1599.61,120,20000,13500,sandysoil,6.9,7.5
181,Gram,Jharkhand,Kharif,1078,1085,1167,1119.5,914,1052,1067,1174,1166,1160,995,1174,1228,1166,1197,1257,31.28,19.38,1133.08,120,20000,13500,clay soil,6.9,25.33
182,Gram,Karnataka,Kharif,548,473,925,552,591,658,583,643,757,718,466,590,619,509,782,700,31.63,20.8,1002.37,120,20000,13500,alluvial soil,6.9,26.215
183,Gram,Madhya Pradesh,Kharif,926,980,607,981,1071,863,1081,1219,1044,1039,1115,1100,1280,1288,1417,1488,32.64,19.52,1341.33,120,20000,13500,black soil,6.9,26.08
184,Gram,Maharashtra,Kharif,691,706,711,677,863,904,775,763,891,762,539,891,917,825,1096,1105,33.48,20.57,1063.7,120,20000,13500,black soil,6.9,27.025
185,Gram,Meghalaya,Kharif,600,600,825,600,620,500,625,611,989,1033,1059,1065,1066,1068,1072,1544,26.82,17.99,1599.6,120,20000,13500,alluvial soil,6.9,22.405
186,Gram,Nagaland,Kharif,1000,1250,600,667,667,714,720,842,838,842,844,827,846,842,842,1544,25.26,15.26,1656.6,120,20000,13500,sandy soil,6.9,20.26
187,Gram,Odisha,Kharif,646,652,1500,662,748,780,765,774,768,770,769,768,778,780,779,773,32.61,20.86,1002.3,120,20000,13500,alluvial soil,6.9,26.735
188,Gram,Punjab,Rabi,750,1000,659,1172,1133,1286,1000,1400,1211,1056,1294,1375,1181,1330,1219,1320,31.14,18.04,992.5,120,20000,13500,clay soil,6.9,24.59
189,Gram,Rajasthan,Rabi,443,863,1000,779,605,898,740,1019,853,725,892,911,1074,1152,1079,1099,33.52,19.39,1062.3,120,20000,13500,alluvial soil,6.9,26.455
190,Gram,Tamil Nadu,Kharif,678,644,466,638,614,671,643,645,653,645,653,648,926,926,926,817,32.39,23.32,1386.4,120,20000,13500,sandy soil,6.9,27.855
191,Gram,Telangana,Kharif,1078,1085,1167,1119.5,1100,1144,1304.5,1350,1308,1372,714,1294,1516,1569,1532,1671,33.76,16.78,1092.6,120,20000,13500,sandy soil,6.9,25.27
192,Gram,Tripura,Kharif,500,1000,676,667,667,667,733,774,769,750,780,780,791,665,619,1544,30.09,20.32,1362,120,20000,13500,alluvial soil,6.9,25.205
193,Gram,Uttar Pradesh,Rabi,893,742,1000,1014,824,930,1185,1119,824,659,612,1114,1155,1272,1371,1376,32.56,19.59,1092.6,120,20000,13500,alluvial soil,6.9,26.075
194,Gram,Uttarakhand,Kharif,1000,1000,745,0,1000,785,1000,830,786,821,846,1000,782,800,763,751,19.24,9.03,1271.4,120,20000,13500,alluvial soil,6.9,14.135
195,Gram,West Bengal,Rabi,913,769,1000,1037,1108,1072,1049,1175,1175,1178,1192,1013,1150,1179,1313,1400,31.27,20.8,1260.5,120,20000,13500,clay soil,6.9,26.035
196,Gram,D & N Haveli,Kharif,500,500,984,500,798,1000,1000,1000,1000,1000,1050,1050,1363,1328,1371,1544,33.23,20.89,3050,120,20000,13500,clay soil,6.9,27.06
197,Gram,Delhi,Rabi,1000,1085,500,1119.5,1100,882,7000,1350,1500,1318,1317,2120,2000,2000,2000,1544,31.81,19.61,1500,120,20000,13500,alluvial soil,6.9,25.71
198,Tur,Andhra Pradesh,Kharif,609,401,652,456,438,415,303,524,542,503,600,380,430,182,486,357,33.57,22.72,1002.37,6.5,14047,29261,clay soil,6.25,28.145
199,Tur,Arunachal Pradesh,Kharif,1000,1000,1000,1000,833,833,879,968,1111,1091,905,814,825,864,869,1544,24.84,14.24,1656.61,6.5,14047,29261,sandy soil,6.25,19.54
200,Tur,Assam,Rabi,692,714,667,704,709,718,714,829,932,941,880,858,833,833,864,844,28.57,18.85,1599.61,6.5,14047,29261,clay soil,6.25,23.71
201,Tur,Bihar,Rabi,1291,989,1012,1178,1514,1404,1514,2131,1667,1438,1577,1581,1548,1852,1681,1624,31.67,19.8,1133.081,6.5,14047,29261,clay soil,6.25,25.735
202,Tur,Chattisgarh,Rabi,445,426,522,583,510,440,433,620,614,636,458,598,601,480,628,599,32.29,20.28,1341.33,6.5,14047,29261,alluvial soil,6.25,26.285
203,Tur,Gujarat,Kharif,1102,751,1109,989,906,986,1053,1184,995,1098,1125,1156,1243,1209,991,1104,34.05,20.94,1155.18,6.5,14047,29261,clay soil,6.25,27.495
204,Tur,Haryana,Rabi,1067,1100,1138,1091,1045,1080,1111,1086,1176,1098,1000,915,1097,1211,1120,1250,31.88,19.16,1132.3,6.5,14047,29261,alluvial soil,6.25,25.52
205,Tur,Himachal Pradesh,Kharif,1078,1085,1167,1119.5,1100,1144,417,364,1308,500,326,375,511,510,650,680,14.26,4.04,1656.61,6.5,14047,29261,clay soil,6.25,9.15
206,Tur,Jharkhand,Rabi,633,645,800,616,871,686,904,1034,1043,1018,903,1002,1147,1014,1048,1138,31.28,19.38,1133.08,6.5,14047,29261,clay soil,6.25,25.33
207,Tur,Karnataka,Kharif,727,470,712,528,467,594,462,555,713,651,368,749,861,639,729,759,31.63,20.8,1002.37,6.5,14047,29261,clay soil,6.25,26.215
208,Tur,Kerala,Kharif,1078,1085,670,1119.5,1100,1144,1693,1588,941,1885,1289,1580,1560,1674,1668,1647,30.61,22.6,1478.6,6.5,14047,29261,clay soil,6.25,26.605
209,Tur,Madhya Pradesh,Kharif,739,683,922,804,851,337,625,662,716,981,1079,1133,1297,846,1103,1134,32.64,19.52,1341.33,6.5,14047,29261,black soil,6.25,26.08
210,Tur,Maharashtra,Kharif,720,726,750,600,841,750,706,819,906,600,450,1042,909,662,907,1035,33.48,20.57,1063.7,6.5,14047,29261,black soil,6.25,27.025
211,Tur,Meghalaya,Rabi,750,750,1000,750,784,750,759,1152,1362,1278,1295,1299,1295,1295,1298,1544,26.82,17.99,1599.6,6.5,14047,29261,clay soil,6.25,22.405
212,Tur,Mizoram,Kharif,1000,1000,1189,1119.5,1100,1144,1304.5,1350,1308,1318,1288,965,1031,1006,940,1544,27.46,18.15,2539.4,6.5,14047,29261,clay soil,6.25,22.805
213,Tur,Nagaland,Kharif,950,1200,825,938,703,840,853,899,896,900,902,903,913,910,910,1544,25.26,15.26,1656.6,6.5,14047,29261,clay soil,6.25,20.26
214,Tur,Odisha,Rabi,742,803,900,860,841,916,812,912,896,898,886,884,897,1022,1124,953,32.61,20.86,1002.3,6.5,14047,29261,alluvial soil,6.25,26.735
215,Tur,Punjab,Kharif,885,931,876,966,957,929,1000,903,897,923,1000,860,1030,1047,1095,1162,31.14,18.04,992.5,6.5,14047,29261,clay soil,6.25,24.59
216,Tur,Rajasthan,Rabi,647,503,701,772,381,761,666,879,649,736,548,1088,1017,941,586,879,33.52,19.39,1062.3,6.5,14047,29261,sandy soil,6.25,26.455
217,Tur,Tamil Nadu,Kharif,540,732,750,608,765,662,870,785,967,1064,908,655,1093,1248,1273,1060,32.39,23.32,1386.4,6.5,14047,29261,sandy soil,6.25,27.855
218,Tur,Telangana,Kharif,1078,1085,1167,1119.5,1100,1144,1304.5,1350,1308,495,419,676,798,647,903,778,33.76,16.78,1092.6,6.5,14047,29261,clay soil,6.25,25.27
219,Tur,Tripura,Kharif,692,750,891,700,725,750,747,749,717,722,687,705,738,759,802,1544,30.09,20.32,1362,6.5,14047,29261,sandy soil,6.25,25.205
220,Tur,Uttar Pradesh,Rabi,987,749,667,914,662,898,1044,1045,900,606,691,1074,1175,1084,980,988,32.56,19.59,1092.6,6.5,14047,29261,black soil,6.25,26.075
221,Tur,Uttarakhand,Kharif,1000,500,818,667,1000,706,1000,799,810,902,770,1000,967,805,851,1185,19.24,9.03,1271.4,6.5,14047,29261,sandy soil,6.25,14.135
222,Tur,West Bengal,Kharif,889,700,1167,833,728,1423,432,1434,1429,1434,1480,1249,1300,1543,852,1250,31.27,20.8,1260.5,6.5,14047,29261,clay soil,6.25,26.035
223,Tur,D & N Haveli,Rabi,867,867,867,867,800,801,801,800,804,805,1200,2886,1000,1335,1000,1544,33.23,20.89,3050,6.5,14047,29261,clay soil,6.25,27.06
224,Tur,Delhi,Rabi,1000,1500,1500,2000,1838,1750,1727,1724,1308,1318,3522,1311,1363,1385,1371,1544,31.81,19.61,1500,6.5,14047,29261,sandy soil,6.25,25.71
225,Oil seeds,Andhra Pradesh,Rabi,698,609,1276,842,724,861,650,849,929,557,954,581,1328,589,1194,858,33.57,22.72,1002.37,140,11500,12000,sandy soil,6.5,28.145
226,Oil seeds,Arunachal Pradesh,Kharif,838,838,962,963,928,921,1015,909,958,971,1040,1040,1040,1040,1041,1544,24.84,14.24,1656.61,140,11500,12000,alluvial soil,6.5,19.54
227,Oil seeds,Assam,Kharif,465,495,523,542,526,576,557,610,611,670,694,643,638,642,619,633,28.57,18.85,1599.61,140,11500,12000,clay soil,6.5,23.71
228,Oil seeds,Bihar,Rabi,982,1031,979,999,1042,1048,1046,1120,1189,1093,1059,1155,1208,1248,1102,1000,31.67,19.8,1133.081,140,11500,12000,clay soil,6.5,25.735
229,Oil seeds,Chattisgarh,Rabi,419,503,532,507,607,686,550,723,640,599,501,572,461,561,720,611,32.29,20.28,1341.33,140,11500,12000,clay soil,6.5,26.285
230,Oil seeds,Goa,Kharif,2394,1769,1892,2158,2807,2862,2500,2409,2544,1899,2126,2352,2258,2345,2503,1544,31.39,22.31,2539.46,140,11500,12000,sandy soil,6.5,26.85
231,Oil seeds,Gujarat,Rabi,1544,908,1618,1345,1109,1692,1608,1103,2231,1920,1627,1725,2125,1458,2320,1842,34.05,20.94,1155.18,140,11500,12000,alluvial soil,6.5,27.495
232,Oil seeds,Haryana,Rabi,1124,1344,1214,1723,1645,1855,1394,1712,1637,1456,1589,1832,2008,2042,1783,2005,31.88,19.16,1132.3,140,11500,12000,clay soil,6.5,25.52
233,Oil seeds,Himachal Pradesh,Kharif,344,477,442,365,271,514,579,514,490,542,520,487,590,590,619,689,14.26,4.04,1656.61,140,11500,12000,clay soil,6.5,9.15
234,Oil seeds,Jammu & Kashmir,Kharif,429,610,846,760,763,821,826,789,895,682,599,523,760,1086,859,1544,12.5,2.5,1599.61,140,11500,12000,clay soil,6.5,7.5
235,Oil seeds,Jharkhand,Rabi,311,422,553,560,563,625,680,787,663,664,681,732,713,684,784,811,31.28,19.38,1133.08,140,11500,12000,clay soil,6.5,25.33
236,Oil seeds,Karnataka,Rabi,600,478,681,556,502,782,665,647,824,698,583,623,883,824,1025,1012,31.63,20.8,1002.37,140,11500,12000,sandy soil,6.5,26.215
237,Oil seeds,Kerala,Kharif,667,889,706,696,632,1032,1230,1045,980,1054,1049,125,900,697,733,560,30.61,22.6,1478.6,140,11500,12000,clay soil,6.5,26.605
238,Oil seeds,Madhya Pradesh,Rabi,1009,955,1015,1075,1129,1143,1073,1231,858,1093,841,1177,1046,1247,864,822,32.64,19.52,1341.33,140,11500,12000,sandy soil,6.5,26.08
239,Oil seeds,Maharashtra,Rabi,925,963,1274,857,725,1394,1223,1337,1276,672,579,1160,1017,1096,1144,1391,33.48,20.57,1063.7,140,11500,12000,clay soil,6.5,27.025
240,Oil seeds,Manipur,Kharif,7000,7000,1167,778,778,774,788,729,840,863,847,858,870,855,846,1544,25.72,15.68,1656.6,140,11500,12000,alluvial soil,6.5,20.7
241,Oil seeds,Meghalaya,Kharif,684,673,670,676,701,704,766,695,1030,1071,1091,1051,1057,1059,1060,1544,26.82,17.99,1599.6,140,11500,12000,alluvial soil,6.5,22.405
242,Oil seeds,Mizoram,Rabi,1125,927,229,781,1106,1203,967,1078,1146,1117,1112,1140,1113,1193,1123,1544,27.46,18.15,2539.4,140,11500,12000,sandy soil,6.5,22.805
243,Oil seeds,Nagaland,Kharif,926,901,896,1142,835,1040,1043,1047,1048,1048,1047,1050,1050,1050,1050,1544,25.26,15.26,1656.6,140,11500,12000,clay soil,6.5,20.26
244,Oil seeds,Odisha,Rabi,565,550,608,604,589,619,661,700,755,667,632,681,625,662,725,801,32.61,20.86,1002.3,140,11500,12000,sandy soil,6.5,26.735
245,Oil seeds,Punjab,Kharif,1097,1111,1288,1276,1354,1336,1360,1350,1335,1265,1318,1386,1482,1499,1472,1544,31.14,18.04,992.5,140,11500,12000,clay soil,6.5,24.59
246,Oil seeds,Rajasthan,Rabi,1134,1146,1051,1114,1066,1203,1243,1296,1144,1192,1182,1351,1477,1581,1248,1529,33.52,19.39,1062.3,140,11500,12000,sandy soil,6.5,26.455
247,Oil seeds,Tamil Nadu,Kharif,727,727,872,763,959,832,841,863,887,891,909,918,924,925,925,1544,32.39,23.32,1386.4,140,11500,12000,black soil,6.5,27.855
248,Oil seeds,Telangana,Rabi,1624,1829,1739,1782,1898,2077,2479,2103,2362,2374,2290,1870,2729,2411,2626,2073,33.76,16.78,1092.6,140,11500,12000,clay soil,6.5,25.27
249,Oil seeds,Tripura,Kharif,1078,1085,1167,1119.5,1100,1144,1304.5,1350,1308,1270,1102,1385,1791,1835,1886,1737,30.09,20.32,1362,140,11500,12000,clay soil,6.5,25.205
250,Oil seeds,Uttar Pradesh,Rabi,709,705,675,714,717,732,751,506,759,793,771,814,780,817,838,1544,32.56,19.59,1092.6,140,11500,12000,clay soil,6.5,26.075
251,Oil seeds,Uttarakhand,Kharif,993,837,856,865,753,832,828,898,810,698,670,876,1054,1079,908,1054,19.24,9.03,1271.4,140,11500,12000,sandy soil,6.5,14.135
252,Oil seeds,West Bengal,Rabi,857,750,967,1000,1138,1012,1082,1236,1070,938,1100,929,916,938,947,957,31.27,20.8,1260.5,140,11500,12000,sandy soil,6.5,26.035
253,Oil seeds,D & N Haveli,Kharif,952,918,997,828,1065,1047,994,1162,1181,1161,1168,1147,1198,1255,1060,1260,33.23,20.89,3050,140,11500,12000,sandy soil,6.5,27.06
254,Oil seeds,Delhi,Kharif,1000,1000,1000,1119.5,680,750,704,604,667,571,1288,366,361,590,354,1544,31.81,19.61,1500,140,11500,12000,clay soil,6.5,25.71
255,Oil seeds,Puducherry,Kharif,763,1500,871,154,1256,1300,1251,1265,1308,1318,1260,1248,1260,1262,1261,1544,32.61,24.76,1206.6,140,11500,12000,sandy soil,6.5,28.685
256,GroundNut,Andhra Pradesh,Kharif,728,1806,1925,1928,2128,659,1848,1927,1875,2329,2183,2650,2435,2122,2439,1920,33.57,22.72,1002.37,190,18000,10000,red soil,6.75,28.145
257,GroundNut,Andhra Pradesh,Rabi,556,557,1451,880,773,2073,646,829,892,564,1034,595,1426,618,1284,894,33.57,22.72,1002.37,190,18000,10000,sandy soil,6.75,28.145
258,GroundNut,Bihar,Kharif,1333,1142,1256,1352,1353,1000,1320,1379,1457,1412,1231,1841,1645,1338,1524,1512,31.67,19.8,1133.081,190,18000,10000,alluvial soil,6.75,25.735
259,GroundNut,Chattisgarh,Kharif,2500,2000,2000,1500,2102,1462,2833,2540,2436,2028,2042,2557,2325,2370,2764,1544,32.29,20.28,1341.33,190,18000,10000,sandy soil or clay soil,6.75,26.285
260,GroundNut,Goa,Kharif,2394,1727,1875,2281,2981,2800,2458,2382,2564,1874,2146,2302,2243,2320,2500,1544,31.39,22.31,2539.46,190,18000,10000,laterite soil,6.75,26.85
261,GroundNut,Goa,Rabi,1707,1769,1892,2158,2807,2875,2500,2409,2544,1899,2126,2352,2258,2345,2503,1544,31.39,22.31,2539.46,190,18000,10000,laterite soil,6.75,26.85
262,GroundNut,Gujarat,Kharif,1734,2000,1724,1830,1908,1868,1914,2288,1789,1818,1655,1794,1842,2156,2393,2287,34.05,20.94,1155.18,190,18000,10000,sandy soil,6.75,27.495
263,GroundNut,Gujarat,Rabi,733,809,1777,1395,964,1801,1612,590,2668,2154,1654,1795,2345,1382,2751,1908,34.05,20.94,1155.18,190,18000,10000,sandy soil,6.75,27.495
264,GroundNut,Haryana,Kharif,1078,1085,1167,1000,670,1000,917,909,600,600,1288,1020,1028,1030,1160,1210,31.88,19.16,1132.3,190,18000,10000,sandy soil,6.75,25.52
265,GroundNut,Himachal Pradesh,Kharif,590,1085,1167,836,756,742,1196,1170,1194,1013,830,1049,1111,1032,1103,1110,14.26,4.04,1656.61,190,18000,10000,clay soil,6.75,9.15
266,GroundNut,Jharkhand,Kharif,924,434,784,545,565,914,650,560,844,729,675,499,886,720,941,940,31.28,19.38,1133.08,190,18000,10000,sandy soil,6.75,25.33
267,GroundNut,Karnataka,Kharif,645,760,906,788,804,853,917,913,912,874,738,1012,1190,868,1198,1030,31.63,20.8,1002.37,190,18000,10000,sandy soil,6.75,26.215
268,GroundNut,Karnataka,Rabi,727,497,807,589,626,952,716,671,863,768,693,629,980,759,998,966,31.63,20.8,1002.37,190,18000,10000,sandy soil,6.75,26.215
269,GroundNut,Kerala,Kharif,831,948,940,1140,1158,1267,1618,1515,1567,1602,1405,1482,1550,1849,1587,1569,30.61,22.6,1478.6,190,18000,10000,laterite soil,6.75,26.605
270,GroundNut,Madhya Pradesh,Kharif,1429,743,1112,1016,1015,1496,1080,992,1213,1037,969,1221,1148,936,156,1190,32.64,19.52,1341.33,190,18000,10000,clay soil,6.75,26.08
271,GroundNut,Maharashtra,Kharif,958,1355,1413,1516,1557,1258,1446,1531,1366,1518,1376,1113,1349,1308,1687,1453,33.48,20.57,1063.7,190,18000,10000,sandy soil,6.75,27.025
272,GroundNut,Maharashtra,Rabi,1000,889,1168,1116,1118,1390,1158,1056,1248,1159,1081,1184,1183,977,1063,1294,33.48,20.57,1063.7,190,18000,10000,red laterite soil,6.75,27.025
273,GroundNut,Nagaland,Kharif,1414,904,982,980,968,1000,830,1070,1112,1030,837,998,950,1074,1241,1491,25.26,15.26,1656.6,190,18000,10000,sandy soil,6.75,20.26
274,GroundNut,Odisha,Kharif,1171,1292,1376,1279,1334,977,1486,1345,1704,1471,1242,1533,1308,1453,1610,1771,32.61,20.86,1002.3,190,18000,10000,clay soil,6.75,26.735
275,GroundNut,Odisha,Rabi,882,1113,1219,1156,1169,1362,1189,1231,1449,1268,1097,1229,1134,1277,1471,1692,32.61,20.86,1002.3,190,18000,10000,clay soil,6.75,26.735
276,GroundNut,Punjab,Kharif,1526,1310,1728,1670,1087,1773,1926,1549,1950,2019,2029,2051,1966,2056,2195,2259,31.14,18.04,992.5,190,18000,10000,clay soil,6.75,24.59
277,GroundNut,Rajasthan,Kharif,2103,1329,1417,1674,1728,1963,2202,1890,2213,2340,2175,1567,2460,2169,2479,2107,33.52,19.39,1062.3,190,18000,10000,clay soil,6.75,26.455
278,GroundNut,Tamil Nadu,Kharif,1775,3729,3078,2622,3104,1881,3751,3149,3628,3442,3293,3232,3917,3491,3742,2740,32.39,23.32,1386.4,190,18000,10000,clay soil,6.75,27.855
279,GroundNut,Tamil Nadu,Rabi,1078,1981,1957,1989,2155,3331,2751,2315,2721,2753,2574,2084,3078,2718,2980,2310,32.39,23.32,1386.4,190,18000,10000,sandy soil,6.75,27.855
280,GroundNut,Telangana,Kharif,1078,1085,1167,1119.5,1100,1144,1304.5,1350,1308,1930,1623,2071,2236,2489,2348,2445,33.76,16.78,1092.6,190,18000,10000,clay soil,6.75,25.27
281,GroundNut,Telangana,Rabi,1000,1085,1167,1119.5,1100,1144,1304.5,1350,1308,1910,1609,2060,2230,2491,2391,2341,33.76,16.78,1092.6,190,18000,10000,sandy soil,6.75,25.27
282,GroundNut,Tripura,Kharif,889,1000,1000,1000,1040,1333,1297,1315,1257,1280,1160,1584,1231,1438,1509,1544,30.09,20.32,1362,190,18000,10000,sandy soil,6.75,25.205
283,GroundNut,Tripura,Rabi,851,1000,1000,1000,1095,1000,1220,1229,1180,1180,1154,1459,1215,1376,1420,1544,30.09,20.32,1362,190,18000,10000,sandy soil,6.75,25.205
284,GroundNut,Uttar Pradesh,Kharif,933,2000,1000,2000,2000,988,1000,1163,1176,1103,1415,1000,1377,1038,1089,1852,32.56,19.59,1092.6,190,18000,10000,alluvial soil,6.75,26.075
285,GroundNut,Uttarakhand,Kharif,1727,1000,909,958,916,1091,864,1000,917,925,902,964,960,984,1120,1242,19.24,9.03,1271.4,190,18000,10000,alluvial soil,6.75,14.135
286,GroundNut,West Bengal,Kharif,1703,1744,1968,1763,1742,857,1969,2585,2627,2362,2290,2318,2394,2899,2264,2936,31.27,20.8,1260.5,190,18000,10000,clay soil,6.75,26.035
287,GroundNut,West Bengal,Rabi,1938,1713,1918,1735,1715,1690,1939,2526,2544,2324,2255,2279,2343,2788,2198,2792,31.27,20.8,1260.5,190,18000,10000,sandy soil,6.75,26.035
288,GroundNut,Puducherry,Kharif,829,600,500,667,500,1962,667,500,600,500,1000,400,457,345,485,482,32.61,24.76,1206.6,190,18000,10000,sandy soil,6.75,28.685
289,Mustard,Andhra Pradesh ,Rabi,456,829,945,919,919,520,985,905,936,1016,1089,1019,1019,1019,1019,1544,33.57,22.72,1002.37,2.1,27000,40000,sandy soil,6.75,28.145
290,Mustard,Arunachal Pradesh,Kharif,926,487,523,543,525,893,560,610,605,667,698,644,639,643,617,633,24.84,14.24,1656.61,2.1,27000,40000,alluvial soil,6.75,19.54
291,Mustard,Assam,Kharif,330,1029,947,959,1008,581,1029,1132,1245,1100,1053,1180,1245,1290,1187,1131,28.57,18.85,1599.61,2.1,27000,40000,alluvial soil,6.75,23.71
292,Mustard,Bihar,Rabi,1349,399,402,379,419,1028,436,514,557,575,517,388,415,419,416,517,31.67,19.8,1133.081,2.1,27000,40000,clay soil,6.75,25.735
293,Mustard,Chattisgarh,Kharif,1117,1396,1635,1136,1579,407,1572,1695,1723,1422,1611,1711,1808,1784,1932,1976,32.29,20.28,1341.33,2.1,27000,40000,alluvial soil,6.75,26.285
294,Mustard,Gujarat,Rabi,292,1343,1198,1738,1655,1565,1396,1721,1639,1432,1594,1853,2018,2058,1793,2027,34.05,20.94,1155.18,2.1,27000,40000,clay soil,6.75,27.495
295,Mustard,Haryana,Kharif,406,506,409,270,287,1869,619,520,483,543,517,506,546,550,570,650,31.88,19.16,1132.3,2.1,27000,40000,clay soil,6.75,25.52
296,Mustard,Himachal Pradesh,Rabi,1078,649,892,791,788,532,851,817,935,700,612,526,793,1149,899,1544,14.26,4.04,1656.61,2.1,27000,40000,alluvial soil,6.75,9.15
297,Mustard,Jammu & Kashmir,Kharif,400,1085,1167,541,578,851,670,783,629,625,698,728,715,695,794,823,12.5,2.5,1599.61,2.1,27000,40000,clay soil,6.75,7.5
298,Mustard,Jharkhand,Kharif,1047,250,250,400,400,653,250,500,333,500,150,200,168,202,1371,225,31.28,19.38,1133.08,2.1,27000,40000,alluvial soil,6.75,25.33
299,Mustard,Karnataka,Rabi,308,999,927,1034,1074,500,1108,1172,1108,1006,1079,1299,1305,1471,1538,1713,31.63,20.8,1002.37,2.1,27000,40000,sandy soil,6.75,26.215
300,Mustard,Madhya Pradesh,Kharif,1078,357,444,333,333,1148,308,222,400,200,300,358,286,367,330,360,32.64,19.52,1341.33,2.1,27000,40000,black soil,6.75,26.08
301,Mustard,Maharashtra,Rabi,667,1085,1167,500,500,375,764,839,837,867,846,855,856,840,840,1544,33.48,20.57,1063.7,2.1,27000,40000,alluvial soil,6.75,27.025
302,Mustard,Manipur,Kharif,833,667,658,681,680,779,680,672,938,956,967,934,935,936,936,1544,25.72,15.68,1656.6,2.1,27000,40000,alluvial soil,6.75,20.7
303,Mustard,Meghalaya,Kharif,800,600,1000,600,750,681,944,690,1100,1000,934,1003,1002,777,714,1544,26.82,17.99,1599.6,2.1,27000,40000,sandy soil,6.75,22.405
304,Mustard,Mizoram,Kharif,190,753,782,1000,800,750,1005,1009,1010,1012,1011,1013,1012,1012,1012,1544,27.46,18.15,2539.4,2.1,27000,40000,sandy soil,6.75,22.805
305,Mustard,Nagaland,Rabi,1102,171,201,182,211,1000,212,275,269,244,205,345,326,275,293,264,25.26,15.26,1656.6,2.1,27000,40000,sandy soil,6.75,20.26
306,Mustard,Odisha,Rabi,1205,1122,1179,1222,1300,208,1276,1281,1306,1248,1348,1413,1498,1524,1482,1591,32.61,20.86,1002.3,2.1,27000,40000,clay soil,6.75,26.735
307,Mustard,Punjab,Rabi,661,1185,946,1234,1276,1323,1189,1346,1233,1170,1287,1422,1602,1709,1366,1659,31.14,18.04,992.5,2.1,27000,40000,alluvial soil,6.75,24.59
308,Mustard,Rajasthan,Rabi,200,661,860,707,914,1188,801,799,830,832,852,866,875,876,878,1544,33.52,19.39,1062.3,2.1,27000,40000,clay soil,6.75,26.455
309,Mustard,Sikkim,Kharif,1078,333,333,333,333,792,229,230,241,233,229,200,232,232,233,236,12.16,0.35,2500,2.1,27000,40000,alluvial soil,6.75,6.255
310,Mustard,Tamil Nadu,Rabi,821,1085,1167,1119.5,1100,233,1304.5,1350,1308,2000,2000,1667,1594,1940,1706,1535,32.39,23.32,1386.4,2.1,27000,40000,sandy soil,6.75,27.855
311,Mustard,Telangana,Kharif,1149,824,733,750,767,1144,789,799,824,831,805,825,830,831,845,1544,33.76,16.78,1092.6,2.1,27000,40000,clay soil,6.75,25.27
312,Mustard,Tripura,Kharif,667,1057,1157,1123,1113,750,1136,1263,1113,930,1017,1245,1392,1483,1260,1412,30.09,20.32,1362,2.1,27000,40000,alluvial soil,6.75,25.205
313,Mustard,Uttar Pradesh,Rabi,909,563,643,714,800,1187,867,933,739,716,979,846,794,939,967,857,32.56,19.59,1092.6,2.1,27000,40000,alluvial soil,6.75,26.075
314,Mustard,Uttarakhand,Kharif,763,803,888,764,1080,803,908,1062,1066,1069,1090,1077,1175,1212,1167,1215,19.24,9.03,1271.4,2.1,27000,40000,clay soil,6.75,14.135
315,Mustard,West Bengal,Rabi,471,1500,871,154,1256,1021,1251,1265,1308,1318,1260,1248,1260,1262,1261,1544,31.27,20.8,1260.5,2.1,27000,40000,alluvial soil,6.75,26.035
316,Mustard,Delhi,Rabi,1000,643,750,462,429,1300,700,825,750,1000,1288,1311,1363,1385,490,605,31.81,19.61,1500,2.1,27000,40000,clay soil,6.75,25.71
317,Sunflower,Andhra Pradesh,Kharif,273,500,1000,1000,769,692,821,800,805,800,802,813,818,811,812,814,33.57,22.72,1002.37,2.5,15000,47600,black soil,6.75,28.145
318,Sunflower,Bihar,Kharif,1078,286,222,200,333,857,286,200,333,200,300,286,297,406,409,408,31.67,19.8,1133.081,2.5,15000,47600,clay soil,6.75,25.735
319,Sunflower,Chattisgarh,Kharif,1078,1085,1167,1000,857,333,583,588,600,1318,1288,1311,1363,1385,1371,1544,32.29,20.28,1341.33,2.5,15000,47600,sandy soil,6.75,26.285
320,Sunflower,Gujarat,Kharif,741,1085,1167,478,335,1144,401,500,523,793,1288,524,554,583,491,604,34.05,20.94,1155.18,2.5,15000,47600,clay soil,6.75,27.495
321,Sunflower,Jharkhand,Kharif,300,753,814,795,735,401,636,625,791,818,563,688,818,617,972,684,31.28,19.38,1133.08,2.5,15000,47600,clay soil,6.75,25.33
322,Sunflower,Karnataka,Kharif,605,333,250,250,286,836,1304.5,1350,500,724,500,500,1000,1385,1371,1544,31.63,20.8,1002.37,2.5,15000,47600,sandy soil,6.75,26.215
323,Sunflower,Madhya Pradesh,Kharif,615,606,667,565,580,250,545,552,570,343,228,691,548,475,691,705,32.64,19.52,1341.33,2.5,15000,47600,clay soil,6.75,26.08
324,Sunflower,Maharashtra,Kharif,1078,583,615,583,581,543,581,612,602,656,590,600,608,600,600,625,33.48,20.57,1063.7,2.5,15000,47600,clay soil,6.75,27.025
325,Sunflower,Odisha,Kharif,351,1085,1167,1119.5,915,600,858,1000,1000,1000,1000,882,1000,700,1371,600,32.61,20.86,1002.3,2.5,15000,47600,alluvial soil,6.75,26.735
326,Sunflower,Andhra Pradesh,Rabi,1667,1347,1365,1429,1431,1144,1304.5,1350,1446,1449,1440,1463,1448,1448,1449,1447,33.57,22.72,1002.37,2.5,15000,47600,alluvial soil,6.75,28.145
328,Sunflower,Bihar,Kharif,1078,600,600,563,429,1144,1304.5,1350,500,1318,500,500,1363,628,1371,507,31.67,19.8,1133.081,2.5,15000,47600,clay soil,6.75,25.735
329,Sunflower,Bihar,Rabi,1078,1667,1583,1650,1667,1144,1304.5,1350,2400,2767,2056,1393,1886,1905,1846,1920,31.67,19.8,1133.081,2.5,15000,47600,sandy soil,6.75,25.735
330,Sunflower,Haryana,Rabi,552,1085,1167,682,642,1144,1304.5,1350,585,507,498,522,553,490,540,595,31.88,19.16,1132.3,2.5,15000,47600,sandy soil,6.75,25.52
331,Sunflower,Jharkhand,Rabi,583,472,595,488,422,1144,1304.5,1350,626,597,490,233,629,531,821,915,31.28,19.38,1133.08,2.5,15000,47600,clay soil,6.75,25.33
332,Sunflower,Karnataka,Rabi,593,571,500,667,500,1144,1304.5,1350,1308,1318,1288,1000,1000,1385,1371,1544,31.63,20.8,1002.37,2.5,15000,47600,alluvial soil,6.75,26.215
333,Sunflower,Madhya Pradesh,Rabi,800,545,739,626,567,1144,1304.5,1350,649,460,276,768,512,186,112,506,32.64,19.52,1341.33,2.5,15000,47600,clay soil,6.75,26.08
334,Sunflower,Maharashtra,Rabi,1078,750,1000,667,600,1144,1304.5,1350,769,800,824,857,886,889,889,1544,33.48,20.57,1063.7,2.5,15000,47600,alluvial soil,6.75,27.025
335,Sunflower,Nagaland,Kharif,1612,667,750,667,769,1144,1304.5,1350,714,719,690,706,712,720,722,741,25.26,15.26,1656.6,2.5,15000,47600,clay soil,6.75,20.26
336,Sunflower,Nagaland,Rabi,1000,949,995,930,908,1144,1304.5,1350,1200,1202,1198,1200,1255,1258,1287,1225,25.26,15.26,1656.6,2.5,15000,47600,clay soil,6.75,20.26
337,Sunflower,Odisha,Kharif,1165,1641,1900,1750,1787,1144,1304.5,1350,1738,1765,1797,1655,1840,1933,1859,1870,32.61,20.86,1002.3,2.5,15000,47600,clay soil,6.75,26.735
338,Sunflower,Odisha,Rabi,1240,1000,1167,1119.5,1100,1144,1304.5,1350,1308,1318,1288,1311,1363,1385,1371,1685,32.61,20.86,1002.3,2.5,15000,47600,clay soil,6.75,26.735
339,Sunflower,Punjab,Rabi,1078,1284,1197,1606,1286,1144,1304.5,1350,1475,1361,951,226,795,577,898,693,31.14,18.04,992.5,2.5,15000,47600,sandy soil,6.75,24.59
340,Sunflower,Rajasthan,Rabi,1078,1828,1590,1329,1334,1144,1304.5,1350,1564,1409,1060,392,887,641,902,732,33.52,19.39,1062.3,2.5,15000,47600,sandy soil,6.75,26.455
341,Sunflower,Tamil Nadu,Kharif,1278,1085,1167,1119.5,1100,1144,1304.5,1350,1308,1000,1000,1000,2119,1385,1371,1544,32.39,23.32,1386.4,2.5,15000,47600,alluvial soil,6.75,27.855
342,Sunflower,Tamil Nadu,Rabi,1256,1085,1167,1119.5,1100,1144,1304.5,1350,1308,1412,1091,1800,2135,1960,2231,2714,32.39,23.32,1386.4,2.5,15000,47600,sandy soil,6.75,27.855
343,Sunflower,Telangana,Kharif,947,1500,1615,1889,2286,1144,1304.5,1350,1667,1333,2000,1333,1442,1365,1382,1382,33.76,16.78,1092.6,2.5,15000,47600,black soil,6.75,25.27
344,Sunflower,Telangana,Rabi,900,1292,1231,1089,1206,1144,1304.5,1350,1429,1467,1417,1312,1400,952,1221,1200,33.76,16.78,1092.6,2.5,15000,47600,black soil,6.75,25.27
345,Sunflower,Uttar Pradesh,Rabi,1333,947,1167,1433,1183,1144,1487,1518,1273,923,991,1420,1417,1417,1418,1544,32.56,19.59,1092.6,2.5,15000,47600,sandy soil,6.75,26.075
346,Sunflower,West Bengal,Rabi,1078,997,1149,987,956,1703,753,1205,877,753,576,697,481,699,1105,734,31.27,20.8,1260.5,2.5,15000,47600,sandy soil,6.75,26.035
347,Soyabean,Andhra Pradesh,Kharif,534,510,382,699,805,1346,786,1000,733,754,675,717,791,1276,1318,1361,33.57,22.72,1002.37,120,20000,47600,clay soil,7,28.145
348,Soyabean,Arunachal Pradesh,Rabi,1078,667,1833,1714,850,1170,1587,1429,1450,1446,1676,980,1677,1680,1710,1715,24.84,14.24,1656.61,120,20000,47600,alluvial soil,7,19.54
349,Soyabean,Chattisgarh,Rabi,1058,1085,1167,333,329,810,329,1194,1099,808,931,579,798,747,858,747,32.29,20.28,1341.33,120,20000,10000,clay soil,7,26.285
350,Soyabean,Gujarat,Rabi,1077,718,858,679,446,1333,901,1047,1233,738,543,745,913,1034,1183,1212,34.05,20.94,1155.18,120,20000,10000,clay soil,7,27.495
351,Soyabean,Himachal Pradesh,Rabi,1078,1085,1167,1119.5,1100,200,1304.5,1350,1308,1318,1400,1311,1363,1385,1371,1544,14.26,4.04,1656.61,120,20000,10000,alluvial soil,7,9.15
352,Soyabean,Jharkhand,Kharif,1000,1006,1091,1142,1198,875,1108,1293,831,1139,831,1231,1062,1231,789,710,31.28,19.38,1133.08,120,20000,10000,clay soil,7,25.33
353,Soyabean,Karnataka,Kharif,1929,1147,1492,900,728,1144,1319,1451,1351,655,557,1194,1030,1132,1170,1423,31.63,20.8,1002.37,120,20000,10000,clay soil,7,26.215
354,Soyabean,Kerala,Kharif,1199,1085,1167,1119.5,1100,1200,1063,109,878,868,838,857,907,899,870,1544,30.61,22.6,1478.6,120,20000,10000,clay soil,7,26.605
355,Soyabean,Madhya Pradesh,Kharif,1150,1000,909,1091,1109,1582,1694,1099,1820,1947,1982,1892,1898,1900,1906,1544,32.64,19.52,1341.33,120,20000,10000,black soil,7,26.08
356,Soyabean,Maharashtra,Kharif,825,1000,235,1100,1603,927,1254,1411,1480,1413,1539,1574,1525,1731,1561,1544,33.48,20.57,1063.7,120,20000,10000,clay soil,7,27.025
357,Soyabean,Manipur,Kharif,1078,1200,1148,1498,1032,1091,1253,1252,1255,1254,1254,1257,1259,1260,1262,1544,25.72,15.68,1656.6,120,20000,10000,alluvial soil,7,20.7
358,Soyabean,Meghalaya,Kharif,769,1203,1343,971,1175,1929,1544,1412,829,1036,829,1072,1207,1254,469,969,26.82,17.99,1599.6,120,20000,10000,clay soil,7,22.405
359,Soyabean,Mizoram,Kharif,1154,825,889,846,1025,1246,897,935,946,948,973,975,975,976,976,1544,27.46,18.15,2539.4,120,20000,10000,clay soil,7,22.805
360,Soyabean,Nagaland,Kharif,500,1085,1167,1119.5,1100,1461,1304.5,1350,1308,1083,1037,1162,1624,1584,1808,1503,25.26,15.26,1656.6,120,20000,10000,sandy soil,7,20.26
361,Soyabean,Rajasthan,Rabi,1078,875,667,818,1143,881,1222,1357,577,731,519,636,777,901,513,687,33.52,19.39,1062.3,120,20000,10000,clay soil,7,26.455
362,Soyabean,Sikkim,Kharif,1078,1111,1462,1556,1636,1144,1500,1985,1479,1293,1332,1083,1190,1067,1111,1219,12.16,0.35,2500,120,20000,10000,clay soil,7,6.255
363,Soyabean,Telangana,Kharif,1078,600,600,600,603,608,1226,833,699,700,708,732,750,803,779,848,33.76,16.78,1092.6,120,20000,10000,clay soil,7,25.27
364,Cotton,Andhra Pradesh,Kharif,807,902,950,1025,1056,1062,1140,1192,1250,1270,1303,1331,1356,1380,1405,1430,33.57,22.72,1002.37,12.5,21650,63000,sandy soil,6.9,28.145
,Cotton,Gujarat,Kharif,1048,1087,1101,1135,1185,1206,1235,1271,1289,1305,1333,1362,1392,1423,1455,1488,34.05,20.94,1155.18,12.5,21650,63000,black soil,6.9,27.495
,Cotton,Haryana,Kharif,1034,1060,1072,1087,1098,1108,1118,1127,1136,1145,1154,1163,1172,1181,1190,1198,31.88,19.16,1132.3,12.5,21650,63000,clay soil,6.9,25.52
,Cotton,Karnataka,Kharif,692,730,751,784,818,854,891,930,971,1013,1058,1105,1154,1206,1260,1317,31.63,20.8,1002.37,12.5,21650,63000,sandy soil,6.9,26.215
,Cotton,Madhya Pradesh,Kharif,836,873,893,929,963,990,1020,1052,1086,1121,1157,1194,1233,1274,1317,1361,32.64,19.52,1341.33,12.5,21650,63000,clay soil,6.9,26.08
,Cotton,Maharashtra,Kharif,1181,1206,1214,1234,1247,1257,1266,1274,1281,1288,1294,1300,1305,1310,1314,1319,33.48,20.57,1063.7,12.5,21650,63000,black soil,6.9,27.025
,Cotton,Punjab,Kharif,992,1011,1022,1037,1048,1058,1068,1077,1086,1094,1103,1112,1120,1129,1137,1146,31.14,18.04,992.5,12.5,21650,63000,clay soil,6.9,24.59
,Cotton,Rajasthan,Kharif,587,609,621,637,649,659,669,679,689,699,709,719,729,739,749,759,33.52,19.39,1062.3,12.5,21650,63000,sandy soil,6.9,26.455
,Cotton,Tamil Nadu,Kharif,780,812,831,854,879,905,933,962,993,1025,1059,1094,1131,1169,1209,1250,32.39,23.32,1386.4,12.5,21650,63000,alluvial soil,6.9,27.855
,Cotton,Telangana,Kharif,812,859,884,914,942,964,988,1014,1041,1070,1101,1134,1169,1206,1245,1286,33.76,16.78,1092.6,12.5,21650,63000,clay soil,6.9,25.27
,Cotton,Uttar Pradesh,Kharif,1036,1065,1077,1092,1102,1111,1120,1128,1135,1142,1149,1155,1161,1167,1172,1177,32.56,19.59,1092.6,12.5,21650,63000,sandy soil,6.9,26.075
,Millets,Andhra Pradesh,Kharif,1890,1920,1950,1980,2010,2040,2070,2100,2130,2160,2190,2220,2250,2280,2310,2340,33.57,22.72,1002.37,18.5,22844,33229,sandy soil,5.5,28.145
,Millets,Assam,Rabi,2040,2070,2100,2130,2160,2190,2220,2250,2280,2310,2340,2370,2400,2430,2460,2490,28.57,18.85,1599.61,18.5,22844,33229,alluvial soil,5.5,23.71
,Millets,Bihar,Kharif,1430,1440,1450,1460,1470,1480,1490,1500,1510,1520,1530,1540,1550,1560,1570,1580,31.67,19.8,1133.081,18.5,22844,33229,clay soil,5.5,25.735
,Millets,Gujarat,Kharif,3040,3070,3100,3130,3160,3190,3220,3250,3280,3310,3340,3370,3400,3430,3460,3490,34.05,20.94,1155.18,18.5,22844,33229,sandy soil,5.5,27.495
,Millets,Haryana,Kharif,3830,3860,3890,3920,3950,3980,4010,4040,4070,4100,4130,4160,4190,4220,4250,4280,31.88,19.16,1132.3,18.5,22844,33229,sandy soil,5.5,25.52
,Millets,Jharkhand,Kharif,1430,1440,1450,1460,1470,1480,1490,1500,1510,1520,1530,1540,1550,1560,1570,1580,31.28,19.38,1133.08,18.5,22844,33229,sandy soil,5.5,25.33
,Millets,Karnataka,Kharif,3250,3280,3310,3340,3370,3400,3430,3460,3460,3490,3520,3550,3580,3610,3640,3670,31.63,20.8,1002.37,18.5,22844,33229,sandy soil,5.5,26.215
,Millets,Madhya Pradesh,Kharif,2040,2070,2100,2130,2160,2190,2220,2250,2280,2310,2340,2370,2400,2430,2460,2490,32.64,19.52,1341.33,18.5,22844,33229,sandy soil,5.5,26.08
,Millets,Maharashtra,Kharif,3250,3280,3310,3340,3370,3400,3430,3460,3490,3520,3550,3580,3610,3640,3670,3700,33.48,20.57,1063.7,18.5,22844,33229,sandy soil,5.5,27.025
,Millets,Odisha,Kharif,1430,1440,1450,1460,1470,1480,1490,1500,1510,1520,1530,1540,1550,1560,1570,1580,32.61,20.86,1002.3,18.5,22844,33229,clay soil,5.5,26.735
,Millets,Punjab,Kharif,3830,3860,3890,3920,3950,3980,4010,4070,4100,4130,4160,4190,4220,4250,4280,4040,31.14,18.04,992.5,18.5,22844,33229,alluvial soil,5.5,24.59
,Millets,Rajasthan,Kharif,2040,2070,2100,2130,2160,2190,2220,2250,2280,2310,2340,2370,2400,2430,2460,2490,33.52,19.39,1062.3,18.5,22844,33229,sandy soil,5.5,26.455
,Millets,Tamil Nadu,Kharif,2040,2070,2100,2130,2160,2190,2220,2250,2280,2310,2340,2370,2400,2430,2460,2490,32.39,23.32,1386.4,18.5,22844,33229,sandy soil,5.5,27.855
,Millets,Telangana,Kharif,1890,1920,1950,1980,2010,2040,2070,2100,2130,2160,2190,2220,2250,2280,2310,2340,33.76,16.78,1092.6,18.5,22844,33229,sandy soil,5.5,25.27
,Millets,Uttar Pradesh,Kharif,1430,1440,1450,1460,1470,1480,1490,1500,1510,1520,1530,1540,1550,1560,1570,1580,32.56,19.59,1092.6,18.5,22844,33229,alluvial soil,5.5,26.075
,Millets,West Bengal,Kharif,1430,1440,1450,1460,1470,1480,1490,1500,1510,1520,1530,1540,1550,1560,1570,1580,31.27,20.8,1260.5,18.5,22844,33229,alluvial soil,5.5,26.035
,Jowar,Andhra Pradesh,Rabi,862,883,895,906,918,929,940,951,962,973,984,995,1006,1017,1028,1039,33.57,22.72,1002.37,50,21000,36000,sandy soil,6.75,28.145
,Jowar,Assam,Kharif,1024,2037,1050,1063,1076,1089,1102,1115,1128,1411,1541,1671,1801,1931,2061,2191,28.57,18.85,1599.61,50,21000,36000,alluvial soil,6.75,23.71
,Jowar,Bihar,Kharif,1297,1313,3281,3441,3591,3741,3891,4041,4191,4341,4491,4641,4791,4941,5091,1539,31.67,19.8,1133.081,50,21000,36000,sandy soil,6.75,25.735
,Jowar,Chattisgarh,Kharif,1286,1302,1318,3341,3501,3661,3821,3981,4141,4301,4461,4621,4781,4941,5101,5261,32.29,20.28,1341.33,50,21000,36000,alluvial soil,6.75,26.285
,Jowar,Gujarat,Kharif,2874,2960,3003,3046,3089,3132,3175,3218,3261,3304,3347,3390,3433,3476,3519,3562,34.05,20.94,1155.18,50,21000,36000,sandy soil,6.75,27.495
,Jowar,Haryana,Kharif,2952,2865,2847,2812,2775,2737,2700,2662,2625,2587,2550,2512,2475,2437,2400,2362,31.88,19.16,1132.3,50,21000,36000,alluvial soil,6.75,25.52
,Jowar,Karnataka,Rabi,3024,2832,3060,2848,3032,2928,3028,3052,2904,3176,3248,3260,3392,3392,3416,3544,31.63,20.8,1002.37,50,21000,36000,alluvial soil,6.75,26.215
,Jowar,Madhya Pradesh,Kharif,3200,4300,3100,4200,3200,3300,3400,3500,3600,3700,3800,3900,4000,4100,4200,4300,32.64,19.52,1341.33,50,21000,36000,alluvial soil,6.75,26.08
,Jowar,Maharashtra,Kharif,2856,2888,2656,2848,2760,2872,2892,2976,3040,3050,3184,3176,3194,3290,3394,2712,33.48,20.57,1063.7,50,21000,36000,black soil,6.75,27.025
,Jowar,Odisha,Rabi,1000,1500,1400,1800,1775,1600,1400,1700,2215,2324,2565,2765,2865,2980,3130,3342,32.61,20.86,1002.3,50,21000,36000,sandy soil,6.75,26.735
,Jowar,Punjab,Kharif,2400,2800,3000,3200,3400,3600,3800,4000,4200,4400,4600,4800,5000,5200,5400,5600,31.14,18.04,992.5,50,21000,36000,alluvial soil,6.75,24.59
,Jowar,Rajasthan,Kharif,2846,2975,3041,3108,3176,3246,3317,3390,3464,3540,3618,3698,3780,3864,3950,4038,33.52,19.39,1062.3,50,21000,36000,sandy soil,6.75,26.455
,Jowar,Tamil Nadu,Rabi,2848,2712,2872,2656,2848,2760,2872,2888,2746,2976,3040,3050,3184,3176,3194,3290,32.39,23.32,1386.4,50,21000,36000,sandy soil,6.75,27.855
,Jowar,Telangana,Rabi,1964,1988,1832,1944,1876,1924,1940,1844,2028,2072,2080,2152,2148,2164,2232,2345,33.76,16.78,1092.6,50,21000,36000,clay soil,6.75,25.27
,Jowar,Uttar Pradesh,Kharif,4206,4852,5281,5059,4990,5300,5480,5570,5400,6000,6120,6180,6206,6330,6400,6470,32.56,19.59,1092.6,50,21000,36000,alluvial soil,6.75,26.075
,Jowar,West Bengal,Kharif,2800,2900,3000,3100,3200,3300,3400,3500,3600,3700,3800,3900,4000,4100,4200,4300,31.27,20.8,1260.5,50,21000,36000,alluvial soil,6.75,26.035
,Jute,Assam,Kharif,2374,2901,2652,2526,2596,2743,2812,2867,2745,2871,2849,2675,2760,2693,2853,2485,28.57,18.85,1599.61,50,27627,44627,alluvial soil,4.5,23.71
,Jute,Gujarat,Kharif,1070,1024,913,937,917,947,994,1040,1122,1133,1331,1396,1520,1526,1759,1526,34.05,20.94,1155.18,50,27627,44627,alluvial soil,4.5,27.495
,Jute,Jharkhand,Kharif,1311,1033,963,984,964,994,1041,1089,1169,1180,1377,1442,1564,1570,1799,1564,31.28,19.38,1133.08,50,27627,44627,clay soil,4.5,25.33
,Jute,Maharashtra,Kharif,1070,1024,913,937,917,947,994,1040,1122,1133,1331,1396,1520,1526,1759,1526,33.48,20.57,1063.7,50,27627,44627,alluvial soil,4.5,27.025
,Jute,Odisha,Kharif,1311,1033,964,984,964,994,1041,1089,1169,1180,1377,1442,1564,1570,1799,1564,32.61,20.86,1002.3,50,27627,44627,sandy soil,4.5,26.735
,Jute,West Bengal,Kharif,2374,2901,2652,2596,2643,2812,2867,2745,2871,2849,2675,2769,2693,2853,2485,2589,31.27,20.8,1260.5,50,27627,44627,clay soil,4.5,26.035
,Jute,Andhra Pradesh,Kharif,963,1087,1154,1224,1297,1373,1451,1532,1616,1703,1793,1886,1982,2081,2184,2291,33.57,22.72,1002.37,50,27627,44627,alluvial soil,4.5,28.145
,Barley,Andhra Pradesh,Rabi,1450,1680,2180,1800,1590,1350,1180,950,1140,1230,1400,1560,1710,1850,1980,2200,33.57,22.72,1002.37,120,12735,25000,Red soil,6.65,28.145
,Barley,Arunachal Pradesh,Rabi,1750,1800,1850,1900,1950,2000,2050,2100,2150,2200,2250,2300,2350,2400,2450,2500,24.84,14.24,1656.61,120,12735,25000,sandy soil,6.65,19.54
,Barley,Bihar,Rabi,2134,2244,2294,2374,2654,2814,2864,2994,3154,3294,3354,3424,3474,3614,3724,3814,31.67,19.8,1133.081,120,12735,25000,sandy soil,6.65,25.735
,Barley,Chattisgarh,Rabi,3800,4200,4600,5000,5400,5800,6200,6600,7000,7400,7800,8200,8600,9000,9400,9800,32.29,20.28,1341.33,120,12735,25000,clay soil,6.65,26.285
,Barley,Gujarat,Rabi,2340,2400,2460,2520,2580,2640,2700,2760,2820,2880,2940,3000,3060,3120,3180,3240,34.05,20.94,1155.18,120,12735,25000,alluvial soil,6.65,27.495
,Barley,Karnataka,Rabi,541,546,563,583,602,622,641,661,680,700,719,739,758,778,797,817,31.63,20.8,1002.37,120,12735,25000,sandy soil,6.65,26.215
,Barley,Punjab,Rabi,810,811,832,851,870,889,908,928,947,966,985,1004,1023,1042,1061,1080,31.14,18.04,992.5,120,12735,25000,alluvial soil,6.65,24.59
,Barley,Uttar Pradesh,Rabi,693,704,716,731,745,759,774,788,802,817,831,845,859,874,888,902,32.56,19.59,1092.6,120,12735,25000,alluvial soil,6.65,26.075
,Sugarcane,Andhra Pradesh,Rabi,1765,2169,2029,1538,1170,1496,1284,1199,1200,987,935,783,777,809,672,879,33.57,22.72,1002.37,125,73500,84000,black soil,7,28.145
,Sugarcane,Arunachal Pradesh,Rabi,168,141,168,168,218,234,271,290,300,302,304,297,408,377,384,458,24.84,14.24,1656.61,125,73500,84000,alluvial soil,7,19.54
,Sugarcane,Assam,Rabi,883,871,1055,980,1099,1059,1075,993,1028,1075,1099,1038,1207,1143,1093,1218,28.57,18.85,1599.61,125,73500,84000,alluvial soil,7,23.71
,Sugarcane,Bihar,Rabi,4111,4337,5955,3854,4959,5032,7636,7828,7414,8818,8991,6493,8036,8246,8163,8788,31.67,19.8,1133.081,125,73500,84000,sandy soil,7,25.735
,Sugarcane,Chattisgarh,Rabi,156,164,187,275,254,292,218,244,373,221,493,678,848,1158,1452,1759,32.29,20.28,1341.33,125,73500,84000,alluvial soil,7,26.285
,Sugarcane,Goa,Rabi,606,559,580,560,493,523,491,466,460,477,492,434,402,393,353,537,31.39,22.31,2539.46,125,73500,84000,alluvial soil,7,26.85
,Sugarcane,Gujarat,Rabi,5700,5710,5720,5730,5740,5750,5760,5770,5780,5790,6000,6010,6020,6030,6040,6050,34.05,20.94,1155.18,125,73500,84000,sandy soil,7,27.495
,Sugarcane,Haryana,Rabi,8060,1880,9580,8860,5130,5335,6042,6959,7437,7499,7169,6692,8223,9632,8505,8730,31.88,19.16,1132.3,125,73500,84000,alluvial soil,7,25.52
,Sugarcane,Himachal Pradesh,Rabi,619,251,590,584,531,456,383,283,420,357,376,387,211,367,333,320,14.26,4.04,1656.61,125,73500,84000,alluvial soil,7,9.15
,Sugarcane,Jharkhand,Rabi,1446,1420,1420,1500,1848,1847,1857,1857,1861,1862,1869,1908,1909,1974,1978,1988,31.28,19.38,1133.08,125,73500,84000,alluvial soil,7,25.33
,Sugarcane,Karnataka,Rabi,1427,1826,2866,2624,2332,3044,3965,3880,3573,3990,4377,3783,3737,3113,4240,3818,31.63,20.8,1002.37,125,73500,84000,alluvial soil,7,26.215
,Sugarcane,Kerala,Rabi,283,916,440,218,275,285,271,263,165,221,248,238,213,215,206,220,30.61,22.6,1478.6,125,73500,84000,alluvial soil,7,26.605
,Sugarcane,Madhya Pradesh,Rabi,2148,2425,2806,3180,2975,2535,2667,2667,2641,3173,4567,5218,4730,5430,5218,5433,32.64,19.52,1341.33,125,73500,84000,alluvial soil,7,26.08
,Sugarcane,Maharashtra,Rabi,2047,3885,3856,3843,4064,4415,4188,4673,4964,4690,5466,5336,5226,5984,5976,5931,33.48,20.57,1063.7,125,73500,84000,sandy soil,7,27.025
,Sugarcane,Manipur,Rabi,218,230,230,168,213,213,301,333,311,339,339,348,348,348,315,330,25.72,15.68,1656.6,125,73500,84000,alluvial soil,7,20.7
,Sugarcane,Nagaland,Rabi,142,210,233,247,185,152,184,186,187,188,189,190,192,192,193,193,25.26,15.26,1656.6,125,73500,84000,alluvial soil,7,20.26
,Sugarcane,Odisha,Rabi,859,1073,1274,1096,646,489,902,884,952,936,722,777,744,740,777,805,32.61,20.86,1002.3,125,73500,84000,clay soil,7,26.735
,Sugarcane,Puducherry,Rabi,127,157,157,228,162,247,277,287,304,304,317,314,300,280,287,283,32.61,24.76,1206.6,125,73500,84000,sandy soil,7,28.685
,Sugarcane,Punjab,Rabi,5170,4860,6020,6609,4670,4700,4770,5653,5919,6675,7039,6607,7152,7023,7773,7302,31.14,18.04,992.5,125,73500,84000,clay soil,7,24.59
,Sugarcane,Rajasthan,Rabi,276,482,629,593,388,344,367,451,401,462,488,531,588,581,547,536,33.52,19.39,1062.3,125,73500,84000,sandy soil,7,26.455
,Sugarcane,Tamil Nadu,Rabi,3960,4106,4112,3007,3880,3974,3425,3857,3391,3245,3280,3254,3898,3715,3715,3411,32.39,23.32,1386.4,125,73500,84000,alluvial soil,7,27.855
,Sugarcane,Uttarakhand,Rabi,6441,6134,6100,6686,5590,5848,6497,6313,6784,6939,6865,6877,6871,6829,6937,7010,19.24,9.03,1271.4,125,73500,84000,clay soil,7,14.135
,Sugarcane,West Bengal,Rabi,1033,1247,1266,1272,1638,1000,1134,1681,1617,1945,2105,2075,2049,2037,2035,2027,31.27,20.8,1260.5,125,73500,84000,alluvial soil,7,26.035
,Tobacco,Andhra Pradesh,Kharif,1838,1892,2048,2167,2290,2366,2464,2586,2693,2817,2952,3085,3225,3371,3527,3695,33.57,22.72,1002.37,40,50689,85432,black soil,8,28.145
,Tobacco,Bihar,Kharif,3287,3411,3609,3766,3904,4071,4282,4540,4754,4994,5239,5484,5748,6034,6341,6673,31.67,19.8,1133.081,40,50689,85432,sandy soil,8,25.735
,Tobacco,Chattisgarh,Kharif,1276,1342,1434,1545,1665,1791,1934,2089,2246,2417,2599,2794,3003,3228,3471,3739,32.29,20.28,1341.33,40,50689,85432,clay soil,8,26.285
,Tobacco,Gujarat,Kharif,2233,2311,2419,2557,2707,2869,3049,3248,3457,3579,3720,3875,4045,4228,4429,4651,34.05,20.94,1155.18,40,50689,85432,sandy soil,8,27.495
,Tobacco,Haryana,Kharif,2539,2653,2793,2957,3142,3338,3557,3795,4044,4313,4602,4913,5246,5614,6012,6444,31.88,19.16,1132.3,40,50689,85432,clay soil,8,25.52
,Tobacco,Himachal Pradesh,Kharif,2745,2875,3025,3200,3395,3594,3817,4066,4340,4636,4956,5301,5673,6069,6502,6982,14.26,4.04,1656.61,40,50689,85432,clay soil,8,9.15
,Tobacco,Jammu & Kashmir,Kharif,1249,1307,1385,1485,1598,1721,1858,2015,2183,2374,2580,2799,3034,3285,3560,3861,12.5,2.5,1599.61,40,50689,85432,clay soil,8,7.5
,Tobacco,Jharkhand,Kharif,2287,2367,2467,2627,2807,2998,3212,3449,3703,3982,4284,4607,4951,5320,5715,6140,31.28,19.38,1133.08,40,50689,85432,sandy soil,8,25.33
,Tobacco,Karnataka,Kharif,981,1024,1084,1152,1230,1316,1412,1518,1632,1754,1884,2016,2156,2306,2467,2639,31.63,20.8,1002.37,40,50689,85432,black soil,8,26.215
,Tobacco,Kerala,Kharif,674,703,739,783,834,889,950,1024,1104,1189,1279,1374,1474,1579,1689,1805,30.61,22.6,1478.6,40,50689,85432,clay soil,8,26.605
,Tobacco,Madhya Pradesh,Kharif,1223,1290,1377,1489,1615,1754,1913,2084,2268,2465,2675,2899,3135,3386,3648,3935,32.64,19.52,1341.33,40,50689,85432,clay soil,8,26.08
,Tobacco,Maharashtra,Kharif,1040,1088,1154,1234,1324,1423,1532,1651,1780,1912,2054,2204,2364,2533,2712,2901,33.48,20.57,1063.7,40,50689,85432,alluvial soil,8,27.025
,Tobacco,Manipur,Kharif,1210,1265,1341,1439,1554,1684,1827,1989,2164,2352,2554,2770,2997,3245,3509,3790,25.72,15.68,1656.6,40,50689,85432,alluvial soil,8,20.7
,Tobacco,Meghalaya,Kharif,1324,1380,1462,1570,1693,1827,1979,2148,2331,2534,2751,2983,3230,3492,3781,4088,26.82,17.99,1599.6,40,50689,85432,sandy soil,8,22.405
,Tobacco,Mizoram,Kharif,1234,1290,1369,1469,1592,729,1879,2054,4061,2244,2457,2683,2923,3179,3449,3742,27.46,18.15,2539.4,40,50689,85432,sandy soil,8,22.805
,Tobacco,Nagaland,Kharif,1249,1307,1385,1485,1598,1721,1858,2015,2183,2374,2580,2799,3034,3285,3560,3861,25.26,15.26,1656.6,40,50689,85432,sandy soil,8,20.26
,Tobacco,Odisha,Kharif,1803,1864,2033,2157,2296,2451,2624,2816,3027,3256,3505,3773,4061,4379,4718,5090,32.61,20.86,1002.3,40,50689,85432,sandy soil,8,26.735
,Tobacco,Punjab,Kharif,2539,2653,2793,2957,3142,3338,3557,3795,4044,4313,4602,4913,5246,5614,6012,6444,31.14,18.04,992.5,40,50689,85432,clay soil,8,24.59
,Tobacco,Rajasthan,Kharif,2062,2135,2223,2345,2491,2651,2836,3045,3268,3508,3768,4053,4366,4708,4974,5263,33.52,19.39,1062.3,40,50689,85432,sandy soil,8,26.455
,Tobacco,Sikkim,Kharif,1324,1380,1462,1570,1693,1827,1979,2148,2331,2534,2751,2983,3230,3492,3781,4188,12.16,0.35,2500,40,50689,85432,alluvial soil,8,6.255
,Tobacco,Tamil Nadu,Kharif,1040,1088,1154,1234,1324,1423,1532,1651,1780,1912,2054,2204,2364,2533,2712,2901,32.39,23.32,1386.4,40,50689,85432,red soil,8,27.855
,Tobacco,Telangana,Kharif,1838,1892,2048,2167,2290,2366,2464,2586,2693,2817,2952,3085,3225,3371,3527,3695,33.76,16.78,1092.6,40,50689,85432,clay soil,8,25.27
,Tobacco,Tripura,Kharif,1249,1307,1385,1485,1598,1721,1858,2015,2183,2374,2580,2799,3034,3285,3560,3861,30.09,20.32,1362,40,50689,85432,sandy soil,8,25.205
,Tobacco,Uttar Pradesh,Kharif,3287,3411,3609,3766,3904,4071,4282,4540,4754,4994,5239,5484,5748,6034,6341,6673,32.56,19.59,1092.6,40,50689,85432,clay soil,8,26.075
,Tobacco,Uttarakhand,Kharif,2745,2875,3025,3200,3395,3594,3817,4066,4340,4636,4956,5301,5673,6069,6502,6982,19.24,9.03,1271.4,40,50689,85432,sandy soil,8,14.135
,Tobacco,West Bengal,Kharif,3287,3411,3609,3766,3904,4071,4282,4540,4754,4994,5239,5484,5748,6034,6341,6673,31.27,20.8,1260.5,40,50689,85432,clay soil,8,26.035
,Turmeric,Andhra Pradesh,Kharif,1819,1833,1842,1851,1857,1862,1867,1872,1876,1880,1884,1887,1890,1904,1995,2208,33.57,22.72,1002.37,3,107299,142788,black soil,6,28.145
,Turmeric,Arunachal Pradesh,Kharif,1121,1144,1167,1191,1216,1241,1267,1293,1320,1348,1377,1406,1436,1466,1497,1528,24.84,14.24,1656.61,3,107299,142788,clay soil,6,19.54
,Turmeric,Assam,Kharif,1786,1801,1815,1829,1842,1855,1868,1880,1892,1903,1914,1925,1935,1945,1954,1963,28.57,18.85,1599.61,3,107299,142788,sandy soil,6,23.71
,Turmeric,Bihar,Kharif,1764,1779,1794,1808,1821,1834,18447,1859,1871,1882,1893,1903,1913,1922,1931,1940,31.67,19.8,1133.081,3,107299,142788,clay soil,6,25.735
,Turmeric,Chattisgarh,Kharif,1921,1936,1950,1964,1977,1990,2003,2016,2028,2040,2052,2063,2074,2085,2095,2105,32.29,20.28,1341.33,3,107299,142788,alluvial soil,6,26.285
,Turmeric,Goa,Kharif,1950,1965,1980,1995,2009,2023,2037,2051,2065,2079,2092,2106,2119,2132,2145,2158,31.39,22.31,2539.46,3,107299,142788,sandy soil,6,26.85
,Turmeric,Gujarat,Kharif,1849,1864,1879,1893,1907,1921,1935,1949,1963,1977,1990,2004,2017,2031,2044,2057,34.05,20.94,1155.18,3,107299,142788,alluvial soil,6,27.495
,Turmeric,Haryana,Kharif,1856,1871,1886,1900,1914,1928,1942,1956,1970,1984,1998,2012,2039,2052,2066,2160,31.88,19.16,1132.3,3,107299,142788,clay soil,6,25.52
,Turmeric,Himachal Pradesh,Kharif,1870,1885,1900,1915,1930,1945,1960,1975,1990,2005,2020,2035,2050,2065,2080,2095,14.26,4.04,1656.61,3,107299,142788,clay soil,6,9.15
,Turmeric,Jammu & Kashmir,Kharif,1711,1726,1741,1755,1769,1783,1797,1810,1824,1838,1851,1864,1877,1890,1903,1916,12.5,2.5,1599.61,3,107299,142788,alluvial soil,6,7.5
,Turmeric,Jharkhand,Kharif,1841,1856,1871,1885,1899,1913,1927,1941,1954,1968,1981,1994,2007,2020,2033,2046,31.28,19.38,1133.08,3,107299,142788,clay soil,6,25.33
,Turmeric,Karnataka,Kharif,1858,1873,1888,1903,1918,1932,1947,1961,1976,1990,2005,2019,2034,2048,2063,2077,31.63,20.8,1002.37,3,107299,142788,sandy soil,6,26.215
,Turmeric,Kerala,Kharif,1913,1928,1943,1958,1972,1987,2001,2016,2030,2044,2059,2073,2088,2102,2117,2131,30.61,22.6,1478.6,3,107299,142788,clay soil,6,26.605
,Turmeric,Madhya Pradesh,Kharif,1837,1852,1867,1882,1896,1910,1924,1938,1952,1966,1980,1994,2008,2022,2036,2077,32.64,19.52,1341.33,3,107299,142788,clay soil,6,26.08
,Turmeric,Maharashtra,Kharif,1780,1795,1810,1825,1839,1854,1868,1882,1896,1910,1924,1938,1952,1966,1980,1994,33.48,20.57,1063.7,3,107299,142788,clay soil,6,27.025
,Turmeric,Manipur,Kharif,1876,1891,1906,1921,1936,1951,1966,1981,1996,2011,2026,2041,2056,2071,2086,2101,25.72,15.68,1656.6,3,107299,142788,clay soil,6,20.7
,Turmeric,Meghalaya,Kharif,1890,1905,1920,1935,1950,1965,1980,1995,2010,2025,2040,2055,2070,2085,2100,2115,26.82,17.99,1599.6,3,107299,142788,sandy soil,6,22.405
,Turmeric,Mizoram,Kharif,1871,1886,1901,1916,1931,1946,1961,1976,1991,2006,2021,2036,2051,2066,2081,2096,27.46,18.15,2539.4,3,107299,142788,clay soil,6,22.805
,Turmeric,Nagaland,Kharif,1895,1910,1925,1940,1955,1970,1985,2000,2015,2030,2045,2060,2075,2090,2105,2120,25.26,15.26,1656.6,3,107299,142788,sandy soil,6,20.26
,Turmeric,Odisha,Kharif,1827,1842,1857,1872,1886,1900,1914,1928,1942,1956,1970,1984,1998,2012,2025,2039,32.61,20.86,1002.3,3,107299,142788,clay soil,6,26.735
,Turmeric,Punjab,Kharif,1878,1893,1908,1922,1937,1951,1965,1979,1993,2021,2035,2049,2063,2077,2091,2134,31.14,18.04,992.5,3,107299,142788,clay soil,6,24.59
,Turmeric,Rajasthan,Kharif,1823,1838,1853,1868,1882,1896,1910,1924,1938,1952,1966,1980,1994,2008,2022,2036,33.52,19.39,1062.3,3,107299,142788,clay soil,6,26.455
,Turmeric,Sikkim,Kharif,1865,1880,1895,1910,1925,1940,1955,1970,1985,2000,2015,2030,2045,2060,2090,2123,12.16,0.35,2500,3,107299,142788,clay soil,6,6.255
,Turmeric,Tamil Nadu,Kharif,1943,1958,1973,1988,2002,2017,2031,2046,2060,2075,2089,2104,2119,2133,2148,2163,32.39,23.32,1386.4,3,107299,142788,sandy soil,6,27.855
,Turmeric,Telangana,Kharif,1832,1847,1862,1877,1891,1906,1920,1934,1963,1977,1992,2006,2020,2035,2049,2121,33.76,16.78,1092.6,3,107299,142788,sandy soil,6,25.27
,Turmeric,Tripura,Kharif,1853,1868,1883,1898,1912,1927,1941,1956,1970,1984,1999,2013,2028,2042,2057,2071,30.09,20.32,1362,3,107299,142788,alluvial soil,6,25.205
,Turmeric,Uttar Pradesh,Kharif,1857,1872,1887,1901,1916,1930,1944,1958,1972,1986,2000,2014,2028,2042,2056,2070,32.56,19.59,1092.6,3,107299,142788,clay soil,6,26.075
,Turmeric,Uttarakhand,Kharif,1848,1863,1878,1893,1908,1922,1936,1950,1964,1978,1992,2006,2020,2034,2048,2062,19.24,9.03,1271.4,3,107299,142788,clay soil,6,14.135
,Turmeric,West Bengal,Kharif,1852,1867,1882,1896,1911,1925,1939,1953,1967,1981,1995,2009,2023,2037,2051,2065,31.27,20.8,1260.5,3,107299,142788,alluvial soil,6,26.035
